Fish ID,Block,Tank,Standard Length (mm),Family Cross,Type Maternal,Type,Wet Weight (mg),Body Condition (mg)
GCJ0049,5,46,20,88,GC,HH,92,70.34694633
GCJ0050,5,42,21,85,CG,HH,101,68.86789823
GCJ0051,4,38,20,71,GC,HH,96,72.70707126
GCJ0052,3,30,19,37,CG,HH,83,70.98952087
GCJ0053,3,29,18,49,GG,GG,67,64.01763839
GCJ0054,3,29,21,51,GG,GG,110,75.15970209
GCJ0055,3,27,20,42,CC,CC,91,69.50948263
GCJ0056,3,26,19,38,CG,HH,68,57.52452166
GCJ0057,3,26,20,38,CG,HH,67,50.70461716
GCJ0058,2,19,22,34,GG,GG,101,62.17252348
GCJ0059,2,16,21,28,GC,HH,93,63.60193183
GCJ0060,2,11,22,28,GC,HH,115,70.69269053
GCJ0061,2,11,23,21,CG,HH,121,67.6942539
GCJ0062,1,5,24,13,GC,HH,151,76.74059286
GCJ0063,1,4,23,13,GC,HH,123,69.0940524
GCJ0065,1,1,18,3,CC,CC,55,52.78815752
GCJ0066,1,1,18,16,CG,HH,42,40.31095666
GCJ0067,1,1,18,13,GC,HH,54,51.8283728
GCJ0068,1,1,19,8,GG,GG,59,50.28069303
GCJ0069,1,1,18,5,CC,CC,52,49.90880346
GCJ0070,1,1,17,11,GG,GG,55,59.85667853
GCJ0071,1,1,17,11,GG,GG,45,48.97364604
GCJ0072,1,1,18,14,GC,HH,56,53.74794227
GCJ0073,1,1,21,13,GC,HH,76,51.97577216
GCJ0074,1,1,20,3,CC,CC,56,42.63451295
GCJ0075,1,1,18,13,GC,HH,56,53.74794227
GCJ0076,1,1,19,13,GC,HH,50,42.61075683
GCJ0077,1,1,19,5,CC,CC,54,46.01961733
GCJ0078,1,1,18,91,CC,CC,66,63.34578902
GCJ0079,1,1,19,8,GG,GG,44,37.497466
GCJ0080,1,1,17,12,GC,HH,39,42.44382654
GCJ0081,1,1,18,18,CG,HH,47,45.10988012
GCJ0082,1,1,19,8,GG,GG,46,39.20189625
GCJ0083,1,1,20,10,GG,GG,64,48.72515766
GCJ0084,1,1,24,16,CG,HH,139,70.87669368
GCJ0085,1,1,18,18,CG,HH,53,50.86858815
GCJ0086,1,1,18,17,CG,HH,47,45.10988012
GCJ0087,1,1,20,16,CG,HH,61,46.44116589
GCJ0088,1,1,17,17,CG,HH,51,55.50346547
GCJ0089,1,1,19,16,CG,HH,57,48.57626275
GCJ0090,1,1,18,16,CG,HH,48,46.06966476
GCJ0091,1,1,18,12,GC,HH,46,44.15009537
GCJ0092,1,1,17,17,CG,HH,48,52.23855582
GCJ0093,1,1,18,17,CG,HH,52,49.90880346
GCJ0094,1,1,20,16,CG,HH,55,41.87318231
GCJ0095,1,1,22,16,CG,HH,78,48.15746615
GCJ0096,1,1,17,17,CG,HH,43,46.79703957
GCJ0097,1,1,18,11,GG,GG,40,38.39138731
GCJ0098,1,1,19,12,GC,HH,48,40.90632655
GCJ0099,1,1,18,9,GG,GG,49,47.02944948
GCJ0100,1,1,19,16,CG,HH,56,47.72404769
GCJ0101,1,1,18,11,GG,GG,43,41.27074133
GCJ0102,1,1,19,11,GG,GG,50,42.61075683
GCJ0103,1,1,16,17,CG,HH,45,55.95619294
GCJ0104,1,1,19,7,GG,GG,66,56.24619899
GCJ0105,1,1,16,12,GC,HH,53,65.9039606
GCJ0106,1,1,17,16,CG,HH,50,54.41516232
GCJ0107,1,1,20,12,GC,HH,58,44.15717417
GCJ0108,1,1,18,11,GG,GG,50,47.98923413
GCJ0109,1,2,19,9,GG,GG,56,47.72404769
GCJ0110,1,2,20,10,GG,GG,63,47.96382702
GCJ0111,1,2,17,9,GG,GG,37,40.26722005
GCJ0112,1,2,20,6,GG,GG,78,59.38378593
GCJ0113,1,2,18,16,CG,HH,41,39.35117195
GCJ0114,1,2,17,13,GC,HH,48,52.23855582
GCJ0115,1,2,16,14,GC,HH,36,44.76495436
GCJ0116,1,2,15,18,CG,HH,35,50.1564151
GCJ0117,1,2,18,13,GC,HH,41,39.35117195
GCJ0118,1,2,17,11,GG,GG,33,35.91400709
GCJ0119,1,2,21,16,CG,HH,72,49.24020519
GCJ0120,1,2,18,11,GG,GG,39,37.43160265
GCJ0121,1,2,18,16,CG,HH,40,38.39138731
GCJ0122,1,2,25,1,CC,CC,143,66.65718208
GCJ0123,1,2,17,16,CG,HH,36,39.17891683
GCJ0124,1,2,18,16,CG,HH,44,42.23052602
GCJ0125,1,2,22,4,CC,CC,116,71.61879572
GCJ0126,1,2,16,17,CG,HH,35,43.52148344
GCJ0127,1,2,23,12,GC,HH,123,68.87008468
GCJ0128,1,2,15,12,GC,HH,30,42.99121291
GCJ0129,1,2,19,11,GG,GG,53,45.16740221
GCJ0130,1,2,17,14,GC,HH,42,45.70873634
GCJ0131,1,2,17,14,GC,HH,36,39.17891683
GCJ0132,1,2,18,12,GC,HH,41,39.35117195
GCJ0133,1,2,16,18,CG,HH,33,41.03454148
GCJ0134,1,2,25,3,CC,CC,160,74.58146244
GCJ0135,1,2,20,91,CC,CC,76,57.86112468
GCJ0136,1,2,18,9,GG,GG,41,39.35117195
GCJ0137,1,2,15,11,GG,GG,35,50.1564151
GCJ0138,1,2,20,10,GG,GG,73,55.57713293
GCJ0139,1,2,20,16,CG,HH,49,37.30519883
GCJ0140,1,2,17,11,GG,GG,30,32.64909736
GCJ0141,1,3,19,16,CG,HH,62,52.83733845
GCJ0142,1,3,16,18,CG,HH,51,63.41701862
GCJ0143,1,3,19,16,CG,HH,50,42.61075683
GCJ0144,1,3,19,14,GC,HH,62,52.83733845
GCJ0145,1,3,16,13,GC,HH,37,46.00842528
GCJ0146,1,3,15,17,CG,HH,60,85.98242588
GCJ0147,1,3,18,12,GC,HH,48,46.06966476
GCJ0148,1,3,22,1,CC,CC,103,63.59255145
GCJ0149,1,3,16,18,CG,HH,43,53.46925106
GCJ0150,1,3,19,13,GC,HH,58,49.4284779
GCJ0151,1,3,16,18,CG,HH,43,53.46925106
GCJ0152,1,3,16,14,GC,HH,46,57.19966391
GCJ0153,1,3,20,16,CG,HH,72,54.81580231
GCJ0154,1,3,20,7,GG,GG,72,54.81580231
GCJ0155,1,3,16,17,CG,HH,49,60.93007672
GCJ0156,1,3,19,13,GC,HH,42,35.45214966
GCJ0157,1,3,19,16,CG,HH,49,42.01420624
GCJ0158,1,3,17,14,GC,HH,38,40.8113717
GCJ0159,1,3,23,3,CC,CC,107,59.85538244
GCJ0160,1,3,18,18,CG,HH,50,47.98923413
GCJ0161,1,3,17,18,CG,HH,45,48.75598536
GCJ0162,1,3,15,5,CC,CC,27,38.97869976
GCJ0163,1,3,17,12,GC,HH,39,42.22616593
GCJ0164,1,3,16,17,CG,HH,55,68.63959668
GCJ0165,1,4,19,12,GC,HH,72,61.61515438
GCJ0166,1,4,17,12,GC,HH,45,48.75598536
GCJ0167,1,4,21,3,CC,CC,104,71.26151925
GCJ0168,1,4,17,17,CG,HH,52,56.48293842
GCJ0169,1,4,21,16,CG,HH,57,39.25538581
GCJ0170,1,4,25,16,CG,HH,149,69.22091982
GCJ0171,1,4,19,16,CG,HH,50,42.95164288
GCJ0172,1,4,21,9,GG,GG,71,48.76148104
GCJ0173,1,4,21,16,CG,HH,58,39.66572092
GCJ0174,1,4,18,18,CG,HH,43,40.8868275
GCJ0175,1,4,16,18,CG,HH,36,44.76495436
GCJ0176,1,4,16,18,CG,HH,43,53.22055681
GCJ0177,1,4,20,16,CG,HH,70,53.36927425
GCJ0178,1,4,17,16,CG,HH,43,46.79703957
GCJ0179,1,4,21,10,GG,GG,54,36.58820806
GCJ0180,1,4,20,13,GC,HH,66,50.0194197
GCJ0181,1,4,21,16,CG,HH,77,52.86483147
GCJ0182,1,5,17,14,GC,HH,52,56.59176877
GCJ0183,1,5,20,13,GC,HH,74,56.33846357
GCJ0184,1,5,21,12,GC,HH,69,47.46208666
GCJ0185,1,5,19,13,GC,HH,61,52.32600941
GCJ0186,1,5,21,11,GG,GG,70,48.00920009
GCJ0187,1,5,18,11,GG,GG,54,51.63641589
GCJ0188,1,5,20,12,GC,HH,66,50.4000849
GCJ0189,1,5,18,17,CG,HH,54,51.34848056
GCJ0190,1,5,18,18,CG,HH,50,47.60532024
GCJ0191,1,5,18,14,GC,HH,55,53.17207137
GCJ0192,1,5,19,14,GC,HH,60,51.30335123
GCJ0193,1,5,19,12,GC,HH,50,42.52553529
GCJ0194,1,5,23,3,CC,CC,85,47.59314792
GCJ0195,1,5,19,16,CG,HH,55,46.78661099
GCJ0196,1,5,21,14,GC,HH,61,41.78578525
GCJ0197,1,5,17,17,CG,HH,57,62.14211524
GCJ0198,1,5,21,13,GC,HH,60,40.96511515
GCJ0199,1,5,18,18,CG,HH,61,58.06697326
GCJ0200,1,5,21,9,GG,GG,67,45.75235739
GCJ0201,1,5,20,16,CG,HH,50,38.37106161
GCJ0202,1,5,18,11,GG,GG,56,53.93989913
GCJ0203,1,5,20,12,GC,HH,62,47.20249642
GCJ0204,1,5,18,11,GG,GG,49,47.41336337
GCJ0205,1,5,20,16,CG,HH,68,51.92274617
GCJ0206,1,5,19,17,CG,HH,68,58.29151529
GCJ0207,1,5,18,12,GC,HH,63,60.37045652
GCJ0208,1,6,16,17,CG,HH,47,58.19444062
GCJ0209,1,6,19,13,GC,HH,58,49.1728134
GCJ0210,1,6,17,17,CG,HH,44,47.66768217
GCJ0211,1,6,18,17,CG,HH,55,52.69217906
GCJ0212,1,6,16,17,CG,HH,36,44.39191303
GCJ0213,1,6,19,6,GG,GG,52,44.31518707
GCJ0214,1,6,19,16,CG,HH,37,31.27629552
GCJ0215,1,6,17,9,GG,GG,33,36.13166775
GCJ0216,1,6,19,13,GC,HH,64,54.79743334
GCJ0217,1,6,18,18,CG,HH,61,58.25893027
GCJ0218,1,6,16,14,GC,HH,36,45.01364857
GCJ0219,1,6,19,13,GC,HH,52,44.14474404
GCJ0220,1,6,18,9,GG,GG,43,41.27074133
GCJ0221,1,6,17,16,CG,HH,37,39.83189881
GCJ0222,1,6,17,18,CG,HH,43,46.90586983
GCJ0223,1,6,18,13,GC,HH,62,59.12273647
GCJ0224,1,6,20,16,CG,HH,72,55.0442015
GCJ0225,1,6,18,18,CG,HH,58,56.05142549
GCJ0226,1,6,17,18,CG,HH,40,43.64096015
GCJ0227,1,6,20,12,GC,HH,70,53.52154036
GCJ0228,1,6,19,12,GC,HH,62,52.752117
GCJ0229,1,6,20,16,CG,HH,62,47.12636342
GCJ0230,1,6,19,9,GG,GG,56,47.38316157
GCJ0231,1,6,18,9,GG,GG,49,46.74151406
GCJ0232,1,6,18,9,GG,GG,43,41.65465521
GCJ0233,1,6,16,14,GC,HH,34,42.40235952
GCJ0234,1,6,18,7,GG,GG,45,43.09433228
GCJ0235,1,6,18,6,GG,GG,57,54.41979156
GCJ0236,1,6,22,91,CC,CC,70,43.27997916
GCJ0237,1,6,22,5,CC,CC,77,47.23136098
GCJ0238,1,6,18,5,CC,CC,37,35.89594714
GCJ0239,1,6,19,18,CG,HH,46,39.37233929
GCJ0240,1,6,17,18,CG,HH,42,45.92639693
GCJ0241,1,6,17,12,GC,HH,54,58.65954487
GCJ0242,1,6,18,17,CG,HH,59,56.33936088
GCJ0243,1,6,19,16,CG,HH,56,47.46838313
GCJ0244,1,6,18,18,CG,HH,53,50.48467433
GCJ0245,1,7,18,12,GC,HH,37,35.6080117
GCJ0246,1,7,15,17,CG,HH,43,61.47743453
GCJ0247,1,7,16,6,GG,GG,36,44.88930144
GCJ0248,1,7,14,14,GC,HH,41,68.21150959
GCJ0249,1,7,15,14,GC,HH,32,46.43050999
GCJ0250,1,7,16,14,GC,HH,44,55.08576335
GCJ0251,1,7,18,18,CG,HH,51,48.56510488
GCJ0252,1,7,21,91,CC,CC,79,53.68550157
GCJ0253,1,7,18,18,CG,HH,51,48.4691265
GCJ0254,1,7,18,14,GC,HH,40,38.67932273
GCJ0255,1,7,23,8,GG,GG,122,68.03020552
GCJ0256,1,7,20,13,GC,HH,77,58.92698758
GCJ0257,1,7,16,18,CG,HH,28,34.81718675
GCJ0258,1,7,15,17,CG,HH,47,67.06629223
GCJ0259,1,7,16,17,CG,HH,37,45.63538408
GCJ0260,1,7,17,12,GC,HH,51,55.82995644
GCJ0261,1,7,16,14,GC,HH,46,56.95096968
GCJ0262,1,7,17,13,GC,HH,65,70.30438961
GCJ0263,1,7,19,9,GG,GG,62,53.09300297
GCJ0264,1,7,15,14,GC,HH,37,52.30597574
GCJ0265,1,7,14,5,CC,CC,30,50.69999739
GCJ0266,1,7,22,3,CC,CC,71,43.58868086
GCJ0267,1,7,16,13,GC,HH,47,57.82139936
GCJ0269,1,7,15,18,CG,HH,43,61.62073852
GCJ0270,1,7,16,18,CG,HH,41,50.48492077
GCJ0271,1,7,17,12,GC,HH,37,40.48488071
GCJ0272,1,7,17,12,GC,HH,40,43.0968085
GCJ0273,1,7,17,18,CG,HH,39,42.22616593
GCJ0274,1,7,17,14,GC,HH,47,50.71493124
GCJ0275,1,7,16,17,CG,HH,71,88.03774358
GCJ0276,1,8,18,11,GG,GG,71,68.43264779
GCJ0277,1,8,16,16,CG,HH,50,61.92485353
GCJ0278,1,8,19,13,GC,HH,66,56.16097747
GCJ0279,1,8,20,16,CG,HH,54,41.26411784
GCJ0280,1,8,18,3,CC,CC,58,55.18761921
GCJ0281,1,8,19,6,GG,GG,55,46.8718325
GCJ0282,1,8,21,16,CG,HH,68,46.778195
GCJ0283,1,8,18,18,CG,HH,56,53.26804991
GCJ0284,1,8,18,17,CG,HH,45,43.28628913
GCJ0285,1,8,17,17,CG,HH,40,43.96745108
GCJ0286,1,8,18,11,GG,GG,36,34.74420549
GCJ0287,1,8,18,16,CG,HH,55,52.59620059
GCJ0288,1,8,20,12,GC,HH,85,64.33243472
GCJ0289,1,8,17,17,CG,HH,42,45.92639693
GCJ0290,1,8,16,14,GC,HH,49,61.17877095
GCJ0291,1,8,20,10,GG,GG,62,47.05023035
GCJ0292,1,8,21,16,CG,HH,69,46.8465842
GCJ0293,1,8,22,16,CG,HH,83,51.24448313
GCJ0294,1,8,18,12,GC,HH,41,39.25519355
GCJ0295,1,8,19,16,CG,HH,49,41.5880987
GCJ0296,1,8,22,16,CG,HH,89,55.07238427
GCJ0297,1,8,16,9,GG,GG,36,44.88930144
GCJ0298,1,8,19,8,GG,GG,51,43.46297199
GCJ0299,1,8,19,12,GC,HH,57,48.66148431
GCJ0300,1,8,19,16,CG,HH,56,47.97971214
GCJ0301,1,8,17,14,GC,HH,59,63.6657398
GCJ0302,1,8,19,11,GG,GG,54,46.01961733
GCJ0303,1,8,17,9,GG,GG,53,58.00656294
GCJ0304,1,8,18,18,CG,HH,50,47.98923413
GCJ0305,1,8,19,5,CC,CC,51,43.71863653
GCJ0306,1,8,17,14,GC,HH,52,56.80942937
GCJ0307,1,8,20,13,GC,HH,71,53.90220569
GCJ0308,1,8,18,18,CG,HH,55,52.30826521
GCJ0309,1,8,18,11,GG,GG,42,40.50291364
GCJ0310,1,8,16,18,CG,HH,37,45.38668986
GCJ0311,1,8,16,12,GC,HH,52,64.66048964
GCJ0312,1,8,16,14,GC,HH,57,71.12653858
GCJ0313,1,8,17,14,GC,HH,52,56.0476171
GCJ0314,1,8,16,9,GG,GG,47,57.82139936
GCJ0315,1,9,20,16,CG,HH,74,56.26233043
GCJ0316,1,9,16,11,GG,GG,45,55.70749872
GCJ0317,1,9,18,7,GG,GG,51,49.14097579
GCJ0318,1,9,17,13,GC,HH,53,57.24475065
GCJ0319,1,9,19,16,CG,HH,47,39.71322533
GCJ0320,1,9,16,17,CG,HH,44,55.08576335
GCJ0321,1,9,19,5,CC,CC,62,52.41123085
GCJ0322,1,9,16,11,GG,GG,36,44.88930144
GCJ0323,1,9,16,5,CC,CC,50,61.92485353
GCJ0324,1,9,17,16,CG,HH,60,65.08053404
GCJ0325,1,9,20,13,GC,HH,56,42.40611375
GCJ0326,1,9,17,5,CC,CC,43,46.57937887
GCJ0327,1,9,19,16,CG,HH,51,43.71863653
GCJ0328,1,9,19,16,CG,HH,60,50.96246521
GCJ0329,1,9,16,18,CG,HH,54,67.39612576
GCJ0330,1,9,17,18,CG,HH,54,58.55071461
GCJ0331,1,9,22,1,CC,CC,102,63.0986287
GCJ0332,1,9,25,16,CG,HH,176,81.80654158
GCJ0333,1,9,19,16,CG,HH,61,52.07034486
GCJ0334,1,9,17,10,GG,GG,38,41.57318396
GCJ0335,1,9,17,18,CG,HH,55,59.3125268
GCJ0336,1,9,18,18,CG,HH,53,50.77260975
GCJ0337,1,9,18,14,GC,HH,56,53.93989913
GCJ0338,1,9,17,9,GG,GG,57,62.14211524
GCJ0339,1,9,18,16,CG,HH,44,42.61443993
GCJ0340,1,9,18,18,CG,HH,62,59.12273647
GCJ0341,1,9,17,9,GG,GG,50,54.0886713
GCJ0342,1,9,21,10,GG,GG,76,52.24932894
GCJ0343,1,9,18,10,GG,GG,41,39.73508588
GCJ0344,1,9,22,16,CG,HH,100,61.92556219
GCJ0345,1,9,17,18,CG,HH,49,52.89153766
GCJ0346,1,9,17,5,CC,CC,41,44.62043306
GCJ0347,1,9,18,18,CG,HH,59,56.81925316
GCJ0348,1,9,19,8,GG,GG,48,41.16199106
GCJ0349,1,9,17,17,CG,HH,76,82.81987697
GCJ0350,1,10,18,6,GG,GG,52,49.52488959
GCJ0351,1,10,17,18,CG,HH,49,52.78270742
GCJ0352,1,10,19,18,CG,HH,59,50.02502853
GCJ0353,1,10,18,12,GC,HH,45,42.90237533
GCJ0354,1,10,18,9,GG,GG,69,66.41710002
GCJ0355,1,10,17,11,GG,GG,41,44.18511178
GCJ0356,1,10,17,10,GG,GG,51,55.93878678
GCJ0357,1,10,19,4,CC,CC,54,45.67873129
GCJ0358,1,10,20,16,CG,HH,62,47.12636342
GCJ0359,1,10,22,16,CG,HH,82,50.56533944
GCJ0360,1,10,16,5,CC,CC,34,42.0293183
GCJ0361,1,10,16,14,GC,HH,40,49.73883822
GCJ0362,1,10,21,16,CG,HH,79,53.82227985
GCJ0363,1,10,19,9,GG,GG,44,37.83835209
GCJ0364,1,10,20,11,GG,GG,63,48.0399601
GCJ0365,1,10,18,12,GC,HH,57,54.32381305
GCJ0366,1,10,15,11,GG,GG,35,50.58632723
GCJ0367,1,10,18,18,CG,HH,53,50.38869583
GCJ0368,1,10,16,5,CC,CC,34,42.27801242
GCJ0369,1,10,17,12,GC,HH,45,48.42949439
GCJ0370,1,10,17,6,GG,GG,41,44.07628139
GCJ0371,1,10,19,16,CG,HH,61,52.07034486
GCJ0372,1,10,17,16,CG,HH,43,47.12353057
GCJ0373,1,10,18,9,GG,GG,44,42.23052602
GCJ0374,1,10,18,17,CG,HH,56,54.13185614
GCJ0375,1,10,18,16,CG,HH,50,47.50934183
GCJ0376,1,10,20,91,CC,CC,73,55.34873379
GCJ0377,1,10,18,16,CG,HH,52,49.71684651
GCJ0378,1,10,19,10,GG,GG,53,45.50828833
GCJ0379,1,10,16,18,CG,HH,38,47.74928469
GCJ0380,1,10,17,14,GC,HH,47,50.82376158
GCJ0381,1,10,20,2,CC,CC,59,44.84237168
GCJ0382,1,10,17,9,GG,GG,51,55.39463524
GCJ0383,1,10,19,16,CG,HH,62,52.41123085
GCJ0384,1,10,20,16,CG,HH,73,55.50099985
GCJ0385,1,10,16,11,GG,GG,39,48.37102017
GCJ0386,1,10,20,16,CG,HH,61,46.74569811
GCJ0387,1,10,17,12,GC,HH,50,54.7416532
GCJ0388,1,10,17,9,GG,GG,52,56.0476171
GCJ0389,1,10,18,13,GC,HH,55,52.40424363
GCJ0390,2,11,17,19,CG,HH,45,49.08247635
GCJ0391,2,11,21,26,CC,CC,79,53.75389071
GCJ0392,2,11,16,19,CG,HH,31,38.29890542
GCJ0393,2,11,15,19,CG,HH,43,62.1939547
GCJ0394,2,11,17,34,GG,GG,42,45.16458469
GCJ0395,2,11,19,20,CG,HH,90,77.04024833
GCJ0396,2,11,16,21,CG,HH,47,58.69182906
GCJ0397,2,11,14,30,GC,HH,44,72.54769358
GCJ0398,2,11,16,19,CG,HH,33,40.78584731
GCJ0399,2,11,18,28,GC,HH,43,40.79084904
GCJ0400,2,11,18,21,CG,HH,50,47.89325563
GCJ0401,2,11,17,19,CG,HH,42,45.16458469
GCJ0402,2,11,16,26,CC,CC,27,33.57371581
GCJ0403,2,11,17,30,GC,HH,42,45.92639693
GCJ0404,2,11,16,19,CG,HH,42,52.59882142
GCJ0405,2,11,14,28,GC,HH,30,49.53256328
GCJ0406,2,11,14,34,GG,GG,23,37.52466917
GCJ0407,2,11,17,21,CG,HH,39,42.44382654
GCJ0408,2,11,19,20,CG,HH,48,40.56544047
GCJ0409,2,11,22,20,CG,HH,91,56.36893142
GCJ0410,2,11,18,19,CG,HH,38,36.66377491
GCJ0411,2,11,17,30,GC,HH,55,59.4213572
GCJ0412,2,11,17,19,CG,HH,38,41.02903231
GCJ0413,2,11,18,29,GC,HH,39,37.04768872
GCJ0414,2,11,16,34,GG,GG,39,48.61971436
GCJ0415,2,11,18,28,GC,HH,52,49.62086812
GCJ0416,2,11,24,20,CG,HH,135,68.83707656
GCJ0417,2,11,16,26,CC,CC,37,45.63538408
GCJ0418,2,11,17,21,CG,HH,53,58.00656294
GCJ0419,2,11,16,19,CG,HH,46,57.57270515
GCJ0420,2,11,18,21,CG,HH,47,44.62998779
GCJ0421,2,12,19,21,CG,HH,54,45.93439588
GCJ0422,2,12,17,34,GG,GG,49,53.10919834
GCJ0423,2,12,18,20,CG,HH,46,43.86216002
GCJ0424,2,12,19,20,CG,HH,61,51.72945882
GCJ0425,2,12,18,34,GG,GG,36,34.55224854
GCJ0426,2,12,20,21,CG,HH,64,48.34449233
GCJ0427,2,12,21,20,CG,HH,61,41.99095279
GCJ0428,2,12,18,32,GG,GG,33,31.28898067
GCJ0429,2,12,19,28,GC,HH,54,45.93439588
GCJ0430,2,12,18,20,CG,HH,42,40.59889207
GCJ0431,2,12,16,29,GC,HH,34,42.52670661
GCJ0432,2,12,16,32,GG,GG,48,59.81095296
GCJ0433,2,12,16,20,CG,HH,40,49.49014395
GCJ0434,2,12,18,20,CG,HH,40,38.7753012
GCJ0435,2,12,17,32,GG,GG,33,35.91400709
GCJ0436,2,12,16,20,CG,HH,38,47.00320207
GCJ0437,2,12,19,20,CG,HH,55,46.8718325
GCJ0438,2,12,17,32,GG,GG,41,44.51160271
GCJ0439,2,12,17,19,CG,HH,38,41.68201428
GCJ0440,2,12,15,28,GC,HH,38,53.88232028
GCJ0441,2,12,17,31,GG,GG,35,38.52593486
GCJ0442,2,12,16,34,GG,GG,36,44.64060728
GCJ0443,2,12,16,21,CG,HH,38,47.74928469
GCJ0444,2,12,13,19,CG,HH,38,73.80437707
GCJ0445,2,12,17,21,CG,HH,54,58.55071461
GCJ0446,2,12,17,29,GC,HH,54,58.65954487
GCJ0447,2,12,17,34,GG,GG,57,61.70679399
GCJ0448,2,12,19,25,CC,CC,54,46.10483892
GCJ0449,2,12,17,28,GC,HH,44,47.88534282
GCJ0450,2,12,17,28,GC,HH,50,54.63282287
GCJ0451,2,12,16,26,CC,CC,31,38.67194666
GCJ0452,2,12,16,30,GC,HH,34,42.0293183
GCJ0453,2,12,19,21,CG,HH,52,43.97430102
GCJ0454,2,12,18,20,CG,HH,52,49.62086812
GCJ0455,2,12,17,25,CC,CC,44,47.34119115
GCJ0456,2,12,17,19,CG,HH,46,49.84428861
GCJ0457,2,12,17,20,CG,HH,46,49.84428861
GCJ0458,2,12,15,34,GG,GG,42,59.47117786
GCJ0459,2,13,16,21,CG,HH,42,52.72316848
GCJ0460,2,13,21,19,CG,HH,87,59.36180296
GCJ0461,2,13,17,33,GG,GG,49,53.4356893
GCJ0462,2,13,16,21,CG,HH,45,55.95619294
GCJ0463,2,13,15,15,CC,CC,30,42.8479089
GCJ0464,2,13,18,20,CG,HH,43,40.8868275
GCJ0465,2,13,19,20,CG,HH,73,62.29692654
GCJ0466,2,13,16,36,GG,GG,46,57.69705231
GCJ0467,2,13,18,33,GG,GG,53,51.25250209
GCJ0468,2,13,18,35,GG,GG,51,49.33293273
GCJ0469,2,13,16,32,GG,GG,47,57.82139936
GCJ0470,2,13,16,29,GC,HH,46,57.07531683
GCJ0471,2,13,15,30,GC,HH,37,52.87919194
GCJ0472,2,13,17,34,GG,GG,44,47.88534282
GCJ0473,2,13,16,33,GG,GG,40,49.73883822
GCJ0474,2,13,16,30,GC,HH,46,57.69705231
GCJ0475,2,13,17,33,GG,GG,38,40.8113717
GCJ0476,2,13,16,19,CG,HH,42,51.97708589
GCJ0477,2,13,15,19,CG,HH,38,54.88544857
GCJ0478,2,13,17,21,CG,HH,45,48.64715502
GCJ0479,2,13,15,19,CG,HH,30,43.42112506
GCJ0480,2,13,17,19,CG,HH,49,53.65334993
GCJ0481,2,13,15,34,GG,GG,25,36.11261884
GCJ0482,2,13,19,35,GG,GG,53,45.33784527
GCJ0483,2,13,16,34,GG,GG,35,43.64583053
GCJ0484,2,13,19,20,CG,HH,53,45.08218076
GCJ0485,2,13,18,32,GG,GG,56,54.03587757
GCJ0486,2,13,17,32,GG,GG,44,47.99417315
GCJ0487,2,13,17,33,GG,GG,41,44.94692404
GCJ0488,2,13,16,30,GC,HH,44,54.96141623
GCJ0489,2,13,18,19,CG,HH,52,49.71684651
GCJ0490,2,13,20,34,GG,GG,59,44.61397247
GCJ0491,2,13,18,33,GG,GG,53,50.48467433
GCJ0492,2,13,19,33,GG,GG,57,48.15015517
GCJ0493,2,13,17,29,GC,HH,51,55.28580492
GCJ0494,2,13,17,21,CG,HH,54,58.22422359
GCJ0495,2,13,19,21,CG,HH,63,53.85999664
GCJ0496,2,13,16,33,GG,GG,38,47.37624337
GCJ0497,2,13,17,19,CG,HH,47,51.25908281
GCJ0498,2,13,19,32,GG,GG,55,46.70138947
GCJ0499,2,13,17,21,CG,HH,46,50.17077965
GCJ0500,2,13,18,21,CG,HH,50,48.18119109
GCJ0501,2,13,17,35,GG,GG,41,44.29394204
GCJ0502,2,13,18,32,GG,GG,51,49.23695424
GCJ0503,2,13,19,34,GG,GG,51,43.63341503
GCJ0504,2,13,17,22,CC,CC,36,39.50540778
GCJ0505,2,13,17,23,CC,CC,37,40.04955944
GCJ0506,2,13,20,20,CG,HH,84,64.02790251
GCJ0507,2,13,17,26,CC,CC,34,36.89347998
GCJ0508,2,13,18,28,GC,HH,50,48.08521254
GCJ0509,2,13,19,22,CC,CC,51,43.03686442
GCJ0510,2,13,20,20,CG,HH,63,48.0399601
GCJ0511,2,13,17,32,GG,GG,45,49.08247635
GCJ0512,2,13,17,19,CG,HH,41,44.18511178
GCJ0513,2,13,19,26,CC,CC,48,40.90632655
GCJ0514,2,13,17,29,GC,HH,46,50.38844023
GCJ0515,2,13,19,29,GC,HH,70,59.74028113
GCJ0516,2,14,14,19,CG,HH,40,65.87664135
GCJ0517,2,14,18,33,GG,GG,50,47.98923413
GCJ0518,2,14,17,34,GG,GG,46,49.51779767
GCJ0519,2,14,18,29,GC,HH,58,55.18761921
GCJ0520,2,14,17,19,CG,HH,49,53.00036799
GCJ0521,2,14,18,21,CG,HH,56,53.46000684
GCJ0522,2,14,17,33,GG,GG,51,55.0681442
GCJ0523,2,14,17,35,GG,GG,39,42.22616593
GCJ0524,2,14,20,34,GG,GG,70,53.52154036
GCJ0525,2,14,16,29,GC,HH,48,59.93530007
GCJ0526,2,14,17,30,GC,HH,63,68.0189529
GCJ0527,2,14,19,28,GC,HH,67,57.35407871
GCJ0528,2,14,16,29,GC,HH,55,68.76394385
GCJ0529,2,14,17,34,GG,GG,44,47.34119115
GCJ0530,2,14,15,33,GG,GG,44,62.62386691
GCJ0531,2,14,15,19,CG,HH,35,50.1564151
GCJ0532,2,14,18,19,CG,HH,48,46.26162171
GCJ0533,2,14,18,29,GC,HH,51,48.75706188
GCJ0534,2,14,20,31,GG,GG,75,56.79526183
GCJ0535,2,14,18,34,GG,GG,48,46.06966476
GCJ0536,2,14,15,19,CG,HH,45,64.63012338
GCJ0537,2,14,16,20,CG,HH,48,59.93530007
GCJ0538,2,14,16,20,CG,HH,37,45.38668986
GCJ0539,2,14,17,15,CC,CC,41,44.51160271
GCJ0540,2,14,18,25,CC,CC,41,39.44715041
GCJ0541,2,14,17,23,CC,CC,42,45.38224531
GCJ0542,2,14,18,19,CG,HH,46,44.34205231
GCJ0543,2,14,16,30,GC,HH,48,59.81095296
GCJ0544,2,14,18,28,GC,HH,42,40.59889207
GCJ0545,2,14,14,24,CC,CC,33,55.70328658
GCJ0546,2,14,18,19,CG,HH,58,55.37957621
GCJ0547,2,14,18,25,CC,CC,42,40.11899969
GCJ0548,2,14,17,22,CC,CC,38,41.68201428
GCJ0549,2,14,18,32,GG,GG,51,48.4691265
GCJ0550,2,14,17,32,GG,GG,54,58.55071461
GCJ0551,2,14,16,19,CG,HH,47,58.81617614
GCJ0552,2,14,18,34,GG,GG,43,41.46269824
GCJ0553,2,14,17,20,CG,HH,46,49.84428861
GCJ0554,2,14,18,26,CC,CC,43,40.8868275
GCJ0555,2,14,18,20,CG,HH,57,54.89968379
GCJ0556,2,14,16,26,CC,CC,33,41.53192987
GCJ0557,2,14,17,26,CC,CC,36,39.17891683
GCJ0558,2,14,15,26,CC,CC,37,52.73588784
GCJ0559,2,14,17,26,CC,CC,34,36.67581936
GCJ0560,2,14,14,21,CG,HH,46,76.38354863
GCJ0561,2,14,15,21,CG,HH,52,73.80158227
GCJ0562,2,14,17,29,GC,HH,70,75.7459059
GCJ0563,2,14,15,15,CC,CC,53,75.66453475
GCJ0564,2,15,17,29,GC,HH,54,58.76837524
GCJ0565,2,15,17,33,GG,GG,51,55.93878678
GCJ0566,2,15,18,20,CG,HH,49,46.83749255
GCJ0567,2,15,20,21,CG,HH,73,55.50099985
GCJ0568,2,15,17,29,GC,HH,48,51.80323448
GCJ0569,2,15,18,33,GG,GG,86,82.34952567
GCJ0570,2,15,16,15,CC,CC,34,42.65105371
GCJ0571,2,15,17,25,CC,CC,40,43.64096015
GCJ0572,2,15,19,35,GG,GG,58,49.1728134
GCJ0573,2,15,18,32,GG,GG,48,46.35760013
GCJ0574,2,15,22,20,CG,HH,134,82.42335552
GCJ0575,2,15,17,29,GC,HH,47,51.15025251
GCJ0576,2,15,17,21,CG,HH,38,40.92020201
GCJ0577,2,15,19,21,CG,HH,55,46.44572495
GCJ0578,2,15,17,32,GG,GG,38,40.92020201
GCJ0579,2,15,16,33,GG,GG,41,51.47969747
GCJ0580,2,15,14,15,CC,CC,26,43.69539252
GCJ0581,2,15,18,28,GC,HH,45,43.38226761
GCJ0582,2,15,18,28,GC,HH,64,60.94632735
GCJ0583,2,15,16,28,GC,HH,37,45.63538408
GCJ0584,2,15,19,21,CG,HH,51,43.71863653
GCJ0585,2,15,19,21,CG,HH,48,40.99154807
GCJ0586,2,15,17,28,GC,HH,43,47.12353057
GCJ0587,2,15,16,26,CC,CC,33,41.4075828
GCJ0588,2,15,22,32,GG,GG,149,92.05484859
GCJ0589,2,15,16,30,GC,HH,42,52.10143296
GCJ0590,2,15,18,19,CG,HH,56,53.8439207
GCJ0591,2,15,17,29,GC,HH,42,45.27341502
GCJ0592,2,15,19,21,CG,HH,60,51.04768668
GCJ0593,2,15,19,20,CG,HH,69,58.54717992
GCJ0594,2,15,17,19,CG,HH,42,45.92639693
GCJ0595,2,15,16,27,CC,CC,37,45.75973113
GCJ0596,2,15,19,28,GC,HH,90,76.86980529
GCJ0597,2,15,15,26,CC,CC,39,55.88857687
GCJ0598,2,15,18,21,CG,HH,74,71.21602346
GCJ0599,2,15,16,36,GG,GG,37,45.51103697
GCJ0600,2,15,18,29,GC,HH,62,59.02675792
GCJ0601,2,15,18,19,CG,HH,66,62.86589676
GCJ0602,2,15,17,15,CC,CC,46,50.06194929
GCJ0603,2,16,18,32,GG,GG,60,57.10718856
GCJ0604,2,16,17,19,CG,HH,55,60.2919998
GCJ0605,2,16,18,19,CG,HH,67,63.8256814
GCJ0606,2,16,16,15,CC,CC,41,50.7336149
GCJ0607,2,16,18,21,CG,HH,65,62.29002584
GCJ0608,2,16,17,28,GC,HH,54,58.22422359
GCJ0609,2,16,18,34,GG,GG,68,65.0734014
GCJ0610,2,16,22,36,GG,GG,118,72.73012182
GCJ0611,2,16,18,21,CG,HH,43,41.46269824
GCJ0612,2,16,15,29,GC,HH,41,59.04126582
GCJ0613,2,16,15,15,CC,CC,35,50.72963131
GCJ0614,2,16,18,19,CG,HH,46,44.53400925
GCJ0615,2,16,17,35,GG,GG,41,44.40277238
GCJ0616,2,16,18,28,GC,HH,66,63.05785362
GCJ0617,2,16,17,30,GC,HH,42,45.70873634
GCJ0618,2,16,19,32,GG,GG,55,47.0422755
GCJ0619,2,16,17,21,CG,HH,41,44.83809368
GCJ0620,2,16,17,21,CG,HH,44,47.77651242
GCJ0621,2,16,16,32,GG,GG,34,42.52670661
GCJ0622,2,16,16,28,GC,HH,37,45.38668986
GCJ0623,2,16,17,33,GG,GG,39,42.77031758
GCJ0624,2,16,18,20,CG,HH,45,43.28628913
GCJ0625,2,16,18,33,GG,GG,45,43.57422454
GCJ0626,2,16,17,34,GG,GG,48,51.80323448
GCJ0627,2,16,19,19,CG,HH,67,56.67230659
GCJ0628,2,16,18,32,GG,GG,48,46.16564323
GCJ0629,2,16,23,20,CG,HH,174,97.25799764
GCJ0630,2,16,18,21,CG,HH,60,57.10718856
GCJ0631,2,16,17,35,GG,GG,45,49.40896733
GCJ0632,2,16,19,22,CC,CC,45,38.34968111
GCJ0633,2,16,18,26,CC,CC,41,38.96725809
GCJ0634,2,16,17,22,CC,CC,39,42.00850528
GCJ0635,2,16,20,19,CG,HH,64,48.80129065
GCJ0636,2,16,20,20,CG,HH,74,56.26233043
GCJ0637,2,16,17,20,CG,HH,43,46.79703957
GCJ0638,2,16,15,23,CC,CC,29,40.84165233
GCJ0639,2,16,16,20,CG,HH,35,43.89452473
GCJ0640,2,16,24,20,CG,HH,168,85.86787927
GCJ0641,2,16,20,20,CG,HH,73,55.57713293
GCJ0642,2,17,18,20,CG,HH,48,46.16564323
GCJ0643,2,17,17,35,GG,GG,35,38.19944394
GCJ0644,2,17,20,20,CG,HH,80,60.90644707
GCJ0645,2,17,16,33,GG,GG,38,47.25189628
GCJ0646,2,17,17,29,GC,HH,42,45.81756662
GCJ0647,2,17,18,32,GG,GG,47,45.30183699
GCJ0648,2,17,18,20,CG,HH,43,41.55867676
GCJ0649,2,17,18,32,GG,GG,39,37.04768872
GCJ0650,2,17,17,28,GC,HH,46,50.06194929
GCJ0651,2,17,19,34,GG,GG,59,49.85458552
GCJ0652,2,17,19,28,GC,HH,46,39.03145329
GCJ0653,2,17,19,20,CG,HH,54,46.27528189
GCJ0654,2,17,17,35,GG,GG,45,49.40896733
GCJ0655,2,17,16,35,GG,GG,38,46.63016079
GCJ0656,2,17,18,33,GG,GG,48,46.26162171
GCJ0657,2,17,18,29,GC,HH,48,45.58977239
GCJ0658,2,17,17,20,CG,HH,37,39.72306848
GCJ0659,2,17,19,28,GC,HH,56,47.80926917
GCJ0660,2,17,17,21,CG,HH,53,57.78890228
GCJ0661,2,17,17,20,CG,HH,45,48.97364604
GCJ0662,2,17,17,19,CG,HH,46,49.51779767
GCJ0663,2,17,18,21,CG,HH,48,46.45357861
GCJ0664,2,17,18,35,GG,GG,53,50.38869583
GCJ0665,2,17,17,34,GG,GG,42,45.16458469
GCJ0666,2,17,17,34,GG,GG,36,39.07008652
GCJ0667,2,17,16,15,CC,CC,29,36.30935189
GCJ0668,2,17,16,33,GG,GG,48,59.18921743
GCJ0669,2,17,16,19,CG,HH,45,56.3292342
GCJ0670,2,17,14,36,GG,GG,47,78.38486433
GCJ0671,2,17,29,20,CG,HH,256,86.03928051
GCJ0672,2,17,15,29,GC,HH,52,74.51810239
GCJ0673,2,17,16,25,CC,CC,42,51.85273877
GCJ0674,2,17,17,19,CG,HH,53,58.11539326
GCJ0675,2,18,17,35,GG,GG,47,51.04142221
GCJ0676,2,18,18,33,GG,GG,51,49.14097579
GCJ0677,2,18,19,19,CG,HH,63,53.60433208
GCJ0678,2,18,15,26,CC,CC,37,52.73588784
GCJ0679,2,18,16,28,GC,HH,45,55.45880457
GCJ0680,2,18,18,33,GG,GG,56,53.36402832
GCJ0681,2,18,19,19,CG,HH,59,50.1954715
GCJ0682,2,18,18,34,GG,GG,44,42.51846145
GCJ0683,2,18,17,19,CG,HH,55,60.2919998
GCJ0684,2,18,16,15,CC,CC,37,45.63538408
GCJ0685,2,18,18,31,GG,GG,60,57.49110248
GCJ0686,2,18,16,23,CC,CC,41,50.48492077
GCJ0687,2,18,18,35,GG,GG,55,52.78815752
GCJ0688,2,18,17,35,GG,GG,47,51.04142221
GCJ0689,2,18,20,33,GG,GG,59,44.76623859
GCJ0690,2,18,17,20,CG,HH,46,49.626628
GCJ0691,2,18,18,34,GG,GG,47,45.01390158
GCJ0692,2,18,18,19,CG,HH,53,50.96456668
GCJ0693,2,18,17,33,GG,GG,62,67.25714051
GCJ0694,2,18,16,30,GC,HH,64,79.58214104
GCJ0695,2,18,17,33,GG,GG,45,48.75598536
GCJ0696,2,18,17,23,CC,CC,43,46.47054855
GCJ0697,2,18,19,21,CG,HH,62,53.00778146
GCJ0698,2,18,17,33,GG,GG,51,55.39463524
GCJ0699,2,18,18,29,GC,HH,69,66.03318618
GCJ0700,2,18,16,35,GG,GG,41,50.857962
GCJ0701,2,18,16,36,GG,GG,37,45.38668986
GCJ0702,2,18,17,26,CC,CC,40,43.53212986
GCJ0703,2,18,17,29,GC,HH,53,57.13592043
GCJ0704,2,18,17,21,CG,HH,48,52.67387709
GCJ0705,2,18,17,27,CC,CC,41,44.07628139
GCJ0706,2,18,19,20,CG,HH,52,44.14474404
GCJ0707,2,18,19,20,CG,HH,51,43.5481935
GCJ0708,2,18,19,21,CG,HH,64,54.79743334
GCJ0709,2,18,20,28,GC,HH,68,51.54208087
GCJ0710,2,18,18,28,GC,HH,57,54.89968379
GCJ0711,2,18,17,26,CC,CC,40,43.96745108
GCJ0712,2,18,17,21,CG,HH,47,50.71493124
GCJ0713,2,18,18,24,CC,CC,43,40.8868275
GCJ0714,2,18,17,25,CC,CC,57,62.033285
GCJ0715,2,18,15,23,CC,CC,40,57.75152942
GCJ0716,2,18,18,27,CC,CC,52,49.42891119
GCJ0717,2,18,17,26,CC,CC,33,35.47868577
GCJ0718,2,18,17,26,CC,CC,40,42.9879782
GCJ0719,2,18,17,26,CC,CC,44,48.32066405
GCJ0720,2,18,20,19,CG,HH,60,45.29917003
GCJ0721,2,18,15,24,CC,CC,27,38.40548359
GCJ0722,2,18,17,32,GG,GG,46,50.27960996
GCJ0723,2,18,16,19,CG,HH,56,69.75872062
GCJ0724,2,18,18,32,GG,GG,51,48.94901884
GCJ0725,2,18,17,28,GC,HH,57,62.14211524
GCJ0726,2,18,16,35,GG,GG,38,47.12754915
GCJ0727,2,18,15,20,CG,HH,53,75.66453475
GCJ0728,2,18,17,26,CC,CC,47,50.71493124
GCJ0729,2,18,17,20,CG,HH,54,58.87720552
GCJ0730,2,18,15,23,CC,CC,45,64.34351542
GCJ0731,2,18,17,33,GG,GG,72,78.68432472
GCJ0732,2,18,17,28,GC,HH,55,59.53018758
GCJ0733,2,18,17,21,CG,HH,65,70.63088061
GCJ0734,2,18,20,19,CG,HH,78,59.61218506
GCJ0735,2,18,17,21,CG,HH,57,62.14211524
GCJ0736,2,18,16,30,GC,HH,53,66.27700183
GCJ0737,2,18,18,35,GG,GG,66,63.15383208
GCJ0738,2,18,17,21,CG,HH,66,71.82801423
GCJ0739,2,18,16,33,GG,GG,50,62.422242
GCJ0740,2,19,15,19,CG,HH,37,52.30597574
GCJ0741,2,19,15,19,CG,HH,32,46.43050999
GCJ0742,2,19,16,19,CG,HH,40,49.86318528
GCJ0743,2,19,17,34,GG,GG,67,73.35163877
GCJ0744,2,19,17,21,CG,HH,76,82.71104674
GCJ0745,2,19,18,19,CG,HH,77,73.71146368
GCJ0746,2,19,17,32,GG,GG,40,43.31446913
GCJ0747,2,19,17,34,GG,GG,72,78.46666399
GCJ0748,2,19,18,20,CG,HH,64,61.04230577
GCJ0749,2,19,18,28,GC,HH,54,51.34848056
GCJ0750,2,19,15,21,CG,HH,61,86.84225018
GCJ0751,2,19,18,28,GC,HH,68,65.55329377
GCJ0752,2,19,19,20,CG,HH,72,61.10382525
GCJ0753,2,19,16,28,GC,HH,31,38.79629375
GCJ0754,2,19,16,20,CG,HH,39,48.99275559
GCJ0755,2,19,15,21,CG,HH,45,63.77029925
GCJ0756,2,19,17,19,CG,HH,39,42.00850528
GCJ0757,2,19,18,19,CG,HH,62,59.4106719
GCJ0758,2,19,15,19,CG,HH,35,49.43989492
GCJ0759,2,19,15,36,GG,GG,40,57.03500921
GCJ0760,2,19,16,32,GG,GG,33,40.66150022
GCJ0761,2,19,17,34,GG,GG,43,46.36171821
GCJ0762,2,19,17,33,GG,GG,50,53.87101062
GCJ0763,2,19,17,24,CC,CC,44,47.5588518
GCJ0764,2,19,18,28,GC,HH,46,44.34205231
GCJ0765,2,19,16,20,CG,HH,37,46.13277242
GCJ0766,2,19,16,29,GC,HH,40,49.36579689
GCJ0767,2,19,19,34,GG,GG,55,46.61616797
GCJ0768,2,19,16,35,GG,GG,36,44.76495436
GCJ0769,2,19,19,34,GG,GG,58,49.59892092
GCJ0770,2,19,16,35,GG,GG,38,46.87885504
GCJ0771,2,19,17,25,CC,CC,46,50.49727061
GCJ0772,2,19,16,26,CC,CC,32,39.54237633
GCJ0773,2,19,19,25,CC,CC,59,50.62157916
GCJ0774,2,19,19,25,CC,CC,59,50.02502853
GCJ0775,2,19,16,15,CC,CC,33,41.03454148
GCJ0776,2,20,17,35,GG,GG,53,58.11539326
GCJ0777,2,20,19,29,GC,HH,72,61.27426832
GCJ0778,2,20,19,33,GG,GG,56,47.38316157
GCJ0779,2,20,19,33,GG,GG,50,42.26987076
GCJ0780,2,20,21,19,CG,HH,65,44.24779557
GCJ0781,2,20,17,19,CG,HH,53,57.46241138
GCJ0782,2,20,16,36,GG,GG,44,54.58837496
GCJ0783,2,20,18,34,GG,GG,60,57.49110248
GCJ0784,2,20,19,34,GG,GG,53,45.33784527
GCJ0785,2,20,18,33,GG,GG,50,47.98923413
GCJ0786,2,20,18,34,GG,GG,42,40.50291364
GCJ0787,2,20,19,20,CG,HH,51,43.5481935
GCJ0788,2,20,17,20,CG,HH,42,45.16458469
GCJ0789,2,20,18,32,GG,GG,44,42.32650449
GCJ0790,2,20,18,19,CG,HH,53,51.25250209
GCJ0791,2,20,17,34,GG,GG,38,41.24669298
GCJ0792,2,20,18,20,CG,HH,49,47.12542794
GCJ0793,2,20,19,25,CC,CC,48,41.16199106
GCJ0794,2,20,18,20,CG,HH,52,50.29271741
GCJ0795,2,20,18,34,GG,GG,53,50.77260975
GCJ0796,2,20,18,22,CC,CC,46,43.76618149
GCJ0797,2,20,19,25,CC,CC,54,45.67873129
GCJ0798,2,20,17,24,CC,CC,54,58.44188428
GCJ0799,2,20,18,25,CC,CC,60,57.39512407
GCJ0800,2,20,19,22,CC,CC,41,35.11126365
GCJ0801,2,20,19,25,CC,CC,49,41.6733202
GCJ0802,2,20,19,21,CG,HH,61,51.89990179
GCJ0803,2,20,17,27,CC,CC,40,43.96745108
GCJ0804,2,20,16,19,CG,HH,53,65.77961344
GCJ0805,2,20,17,20,CG,HH,41,44.07628139
GCJ0806,2,20,19,20,CG,HH,67,57.18363569
GCJ0807,2,20,18,25,CC,CC,53,51.06054512
GCJ0808,2,20,19,25,CC,CC,45,38.52012413
GCJ0809,2,20,18,25,CC,CC,51,49.33293273
GCJ0810,2,20,18,20,CG,HH,50,47.89325563
GCJ0811,2,20,19,19,CG,HH,54,46.27528189
GCJ0812,2,20,19,25,CC,CC,59,49.85458552
GCJ0813,2,20,18,19,CG,HH,44,42.42248297
GCJ0814,2,20,20,19,CG,HH,62,47.05023035
GCJ0815,2,20,21,22,CC,CC,52,35.35720292
GCJ0816,2,20,18,28,GC,HH,64,61.81013356
GCJ0817,2,20,17,35,GG,GG,54,58.44188428
GCJ0818,2,20,17,31,GG,GG,51,54.95931384
GCJ0819,2,20,17,33,GG,GG,50,54.0886713
GCJ0820,2,20,20,21,CG,HH,65,49.33422214
GCJ0821,2,20,16,34,GG,GG,48,59.43791164
GCJ0822,2,20,17,34,GG,GG,45,49.30013698
GCJ0823,2,20,17,26,CC,CC,58,63.23041861
GCJ0824,2,20,14,20,CG,HH,52,86.22335093
GCJ0825,2,20,16,32,GG,GG,45,55.33445744
GCJ0826,2,20,18,28,GC,HH,51,48.94901884
GCJ0827,2,20,17,23,CC,CC,44,47.5588518
GCJ0828,2,20,17,21,CG,HH,67,72.48099607
GCJ0829,2,20,18,19,CG,HH,44,41.94259067
GCJ0830,2,20,17,28,GC,HH,39,42.77031758
GCJ0831,2,20,15,32,GG,GG,37,52.87919194
GCJ0832,2,20,19,21,CG,HH,53,44.74129467
GCJ0833,2,20,20,21,CG,HH,75,57.40432638
GCJ0834,2,20,23,21,CG,HH,128,71.78166538
GCJ0835,2,20,17,29,GC,HH,51,55.39463524
GCJ0836,2,20,17,31,GG,GG,47,50.71493124
GCJ0837,2,20,17,19,CG,HH,52,56.26527774
GCJ0838,2,20,18,35,GG,GG,50,47.98923413
GCJ0839,2,20,18,19,CG,HH,59,56.33936088
GCJ0840,2,20,17,33,GG,GG,52,56.0476171
GCJ0841,2,20,16,35,GG,GG,55,68.14220834
GCJ0842,2,20,16,33,GG,GG,47,58.44313483
GCJ0843,2,20,17,32,GG,GG,46,49.73545828
GCJ0844,2,20,17,27,CC,CC,52,56.15644748
GCJ0845,3,21,15,42,CC,CC,33,46.7171181
GCJ0846,3,21,16,46,GC,HH,50,62.67093614
GCJ0847,3,21,16,47,GC,HH,47,58.56748203
GCJ0848,3,21,17,48,GC,HH,55,59.63901788
GCJ0849,3,21,17,50,GG,GG,38,41.79084466
GCJ0850,3,21,15,44,CC,CC,29,41.12826035
GCJ0851,3,21,15,42,CC,CC,37,53.16579997
GCJ0852,3,21,20,40,CC,CC,50,37.91426332
GCJ0853,3,21,20,38,CG,HH,63,47.81156098
GCJ0854,3,21,18,46,GC,HH,68,65.0734014
GCJ0855,3,21,18,38,CG,HH,45,43.19031067
GCJ0856,3,21,18,38,CG,HH,40,38.67932273
GCJ0857,3,21,16,54,GG,GG,32,40.28845897
GCJ0858,3,21,16,47,GC,HH,41,51.10665621
GCJ0859,3,21,17,46,GC,HH,46,50.49727061
GCJ0860,3,21,17,47,GC,HH,34,36.89347998
GCJ0861,3,21,18,38,CG,HH,49,47.02944948
GCJ0862,3,21,16,47,GC,HH,41,50.36057371
GCJ0863,3,21,20,39,CG,HH,69,52.83634278
GCJ0864,3,21,20,38,CG,HH,61,46.59343199
GCJ0865,3,21,19,37,CG,HH,49,42.01420624
GCJ0866,3,21,16,43,CC,CC,32,40.28845897
GCJ0867,3,21,16,37,CG,HH,46,56.70227553
GCJ0868,3,21,17,42,CC,CC,38,41.24669298
GCJ0869,3,21,18,54,GG,GG,40,38.00747347
GCJ0870,3,21,17,39,CG,HH,40,42.9879782
GCJ0871,3,21,16,52,GG,GG,42,51.97708589
GCJ0872,3,21,16,46,GC,HH,40,49.73883822
GCJ0873,3,21,15,51,GG,GG,28,40.69834828
GCJ0874,3,21,18,37,CG,HH,50,47.79727715
GCJ0875,3,21,19,46,GC,HH,39,33.32161184
GCJ0876,3,21,19,42,CC,CC,60,50.70680058
GCJ0877,3,21,18,46,GC,HH,47,45.10988012
GCJ0878,3,21,19,52,GG,GG,104,88.88603873
GCJ0879,3,21,17,50,GG,GG,47,50.93259184
GCJ0880,3,21,18,54,GG,GG,38,36.0879041
GCJ0881,3,21,17,42,CC,CC,44,47.99417315
GCJ0882,3,21,16,50,GG,GG,45,55.45880457
GCJ0883,3,21,17,51,GG,GG,53,57.35358097
GCJ0884,3,21,17,38,CG,HH,49,53.54451967
GCJ0885,3,22,15,37,CG,HH,67,95.87040477
GCJ0886,3,22,15,42,CC,CC,35,50.72963131
GCJ0887,3,22,15,39,CG,HH,38,54.5988404
GCJ0888,3,22,18,37,CG,HH,45,43.09433228
GCJ0889,3,22,16,47,GC,HH,43,53.46925106
GCJ0890,3,22,16,48,GC,HH,49,61.42746512
GCJ0891,3,22,15,48,GC,HH,44,62.33725883
GCJ0892,3,22,17,43,CC,CC,38,41.24669298
GCJ0893,3,22,14,43,CC,CC,34,56.87072071
GCJ0894,3,22,15,43,CC,CC,43,62.1939547
GCJ0895,3,22,22,41,CC,CC,96,58.96202574
GCJ0896,3,22,19,54,GG,GG,62,52.83733845
GCJ0897,3,22,21,39,CG,HH,64,43.56390377
GCJ0898,3,22,15,43,CC,CC,37,52.30597574
GCJ0899,3,22,18,46,GC,HH,58,55.66751156
GCJ0900,3,22,16,49,GG,GG,41,50.857962
GCJ0901,3,22,18,51,GG,GG,48,45.58977239
GCJ0902,3,22,18,38,CG,HH,53,50.38869583
GCJ0903,3,22,17,38,CG,HH,45,48.42949439
GCJ0904,3,23,16,48,GC,HH,51,63.16832455
GCJ0906,3,23,15,44,CC,CC,35,50.72963131
GCJ0907,3,23,17,46,GC,HH,46,49.73545828
GCJ0908,3,23,16,49,GG,GG,43,53.84229237
GCJ0909,3,23,16,38,CG,HH,44,55.21011033
GCJ0910,3,23,18,46,GC,HH,48,46.06966476
GCJ0911,3,23,16,50,GG,GG,36,45.13799561
GCJ0912,3,23,18,50,GG,GG,44,42.42248297
GCJ0913,3,23,19,38,CG,HH,48,41.24721258
GCJ0914,3,23,17,37,CG,HH,50,54.30633196
GCJ0915,3,23,17,38,CG,HH,44,47.77651242
GCJ0916,3,23,17,48,GC,HH,44,47.88534282
GCJ0917,3,23,16,49,GG,GG,53,66.15265484
GCJ0918,3,23,23,37,CG,HH,118,65.84651994
GCJ0919,3,23,16,46,GC,HH,41,51.47969747
GCJ0920,3,23,15,45,CC,CC,31,44.13764527
GCJ0921,3,23,18,52,GG,GG,55,53.07609295
GCJ0922,3,23,21,38,CG,HH,108,73.92869704
GCJ0923,3,23,18,37,CG,HH,53,51.06054512
GCJ0924,3,23,17,44,CC,CC,41,44.07628139
GCJ0925,3,23,19,43,CC,CC,41,34.59993453
GCJ0926,3,23,17,40,CC,CC,32,35.26102511
GCJ0927,3,23,17,39,CG,HH,43,46.79703957
GCJ0928,3,23,15,50,GG,GG,54,77.24087928
GCJ0929,3,23,17,48,GC,HH,54,58.76837524
GCJ0930,3,23,12,45,CC,CC,25,59.45036523
GCJ0931,3,23,15,45,CC,CC,31,44.42425333
GCJ0932,3,23,15,50,GG,GG,35,50.44302317
GCJ0933,3,23,16,47,GC,HH,49,60.43268845
GCJ0934,3,23,16,51,GG,GG,39,48.1223259
GCJ0935,3,23,16,41,CC,CC,34,42.52670661
GCJ0936,3,23,15,44,CC,CC,31,43.70773316
GCJ0937,3,23,18,50,GG,GG,57,54.22783451
GCJ0938,3,23,17,46,GC,HH,51,55.39463524
GCJ0939,3,23,18,48,GC,HH,55,52.69217906
GCJ0940,3,23,17,49,GG,GG,45,49.08247635
GCJ0941,3,23,16,49,GG,GG,45,56.20488713
GCJ0942,3,23,17,50,GG,GG,42,45.16458469
GCJ0943,3,23,15,52,GG,GG,33,47.72024635
GCJ0944,3,23,16,39,CG,HH,51,63.29267164
GCJ0945,3,23,18,39,CG,HH,61,58.16295179
GCJ0946,3,23,15,38,CG,HH,50,71.65202158
GCJ0947,3,23,16,38,CG,HH,46,57.19966391
GCJ0948,3,23,15,37,CG,HH,36,52.16267167
GCJ0949,3,23,17,48,GC,HH,62,67.69246187
GCJ0950,3,23,17,42,CC,CC,41,44.29394204
GCJ0951,3,23,16,43,CC,CC,48,59.18921743
GCJ0952,3,23,16,45,CC,CC,54,67.14743152
GCJ0953,3,24,17,46,GC,HH,44,47.5588518
GCJ0954,3,24,17,38,CG,HH,47,51.04142221
GCJ0955,3,24,15,43,CC,CC,50,71.07880538
GCJ0956,3,24,17,39,CG,HH,76,82.2757254
GCJ0957,3,24,20,43,CC,CC,62,47.27862952
GCJ0958,3,24,18,49,GG,GG,55,52.50022214
GCJ0959,3,24,17,46,GC,HH,45,48.86481569
GCJ0960,3,24,15,46,GC,HH,45,64.05690732
GCJ0961,3,24,18,46,GC,HH,57,54.80370539
GCJ0962,3,24,15,46,GC,HH,43,61.19082647
GCJ0963,3,24,14,37,CG,HH,31,50.86677373
GCJ0964,3,24,15,52,GG,GG,36,50.87293535
GCJ0965,3,24,18,46,GC,HH,50,47.89325563
GCJ0966,3,24,22,40,CC,CC,95,58.34462234
GCJ0967,3,24,18,38,CG,HH,42,39.83106429
GCJ0968,3,24,21,40,CC,CC,79,54.16422581
GCJ0969,3,24,22,42,CC,CC,114,70.1987678
GCJ0970,3,24,15,43,CC,CC,29,41.27156439
GCJ0971,3,24,20,37,CG,HH,64,48.57289157
GCJ0972,3,24,17,46,GC,HH,42,45.59990596
GCJ0973,3,24,17,46,GC,HH,62,66.93064958
GCJ0974,3,24,16,52,GG,GG,39,48.86840855
GCJ0975,3,25,17,52,GG,GG,41,45.05575432
GCJ0976,3,25,16,39,CG,HH,48,59.56225876
GCJ0977,3,25,18,38,CG,HH,60,57.7790379
GCJ0978,3,25,16,50,GG,GG,40,49.73883822
GCJ0979,3,25,19,38,CG,HH,37,31.44673855
GCJ0980,3,25,17,37,CG,HH,42,46.14405762
GCJ0981,3,25,17,48,GC,HH,56,60.40083006
GCJ0982,3,25,18,38,CG,HH,44,42.32650449
GCJ0983,3,25,18,37,CG,HH,56,53.26804991
GCJ0984,3,25,15,52,GG,GG,42,60.04439413
GCJ0985,3,25,18,49,GG,GG,59,56.24338244
GCJ0986,3,25,16,39,CG,HH,42,51.72839172
GCJ0987,3,25,21,50,GG,GG,89,61.0031431
GCJ0988,3,25,16,46,GC,HH,57,70.25610891
GCJ0989,3,25,17,37,CG,HH,44,47.34119115
GCJ0990,3,25,19,43,CC,CC,62,52.41123085
GCJ0991,3,25,18,40,CC,CC,37,35.89594714
GCJ0992,3,25,15,41,CC,CC,29,42.13138868
GCJ0993,3,25,19,46,GC,HH,63,53.26344604
GCJ0994,3,25,19,38,CG,HH,59,50.45113604
GCJ0995,3,25,16,42,CC,CC,33,41.4075828
GCJ0996,3,25,17,47,GC,HH,50,54.0886713
GCJ0997,3,25,17,40,CC,CC,36,39.61423814
GCJ0998,3,25,19,46,GC,HH,61,52.07034486
GCJ0999,3,25,16,45,CC,CC,28,34.19545124
GCJ1000,3,25,18,39,CG,HH,44,42.32650449
GCJ1001,3,25,16,46,GC,HH,39,48.1223259
GCJ1002,3,25,17,37,CG,HH,54,58.55071461
GCJ1003,3,25,17,50,GG,GG,52,56.37410811
GCJ1004,3,25,17,41,CC,CC,42,45.81756662
GCJ1005,3,25,17,43,CC,CC,30,32.10494572
GCJ1006,3,25,17,40,CC,CC,35,37.98178324
GCJ1007,3,25,19,50,GG,GG,53,45.50828833
GCJ1008,3,25,18,37,CG,HH,50,47.70129868
GCJ1009,3,25,16,51,GG,GG,35,43.14844211
GCJ1010,3,25,23,43,CC,CC,143,80.01248043
GCJ1011,3,25,18,50,GG,GG,51,48.4691265
GCJ1012,3,25,16,41,CC,CC,37,45.75973113
GCJ1013,3,25,21,38,CG,HH,57,39.18699667
GCJ1014,3,25,18,37,CG,HH,59,56.81925316
GCJ1015,3,25,17,38,CG,HH,43,46.57937887
GCJ1016,3,25,16,50,GG,GG,40,49.36579689
GCJ1017,3,25,19,54,GG,GG,46,39.03145329
GCJ1018,3,25,16,50,GG,GG,42,52.35012717
GCJ1019,3,25,16,54,GG,GG,35,44.01887176
GCJ1020,3,25,18,48,GC,HH,59,57.01121019
GCJ1021,3,25,15,43,CC,CC,37,53.59571215
GCJ1022,3,25,15,48,GC,HH,53,76.5243591
GCJ1023,3,26,17,38,CG,HH,37,39.94072906
GCJ1024,3,26,16,48,GC,HH,57,71.25088565
GCJ1025,3,26,18,48,GC,HH,60,57.10718856
GCJ1026,3,26,19,38,CG,HH,53,45.08218076
GCJ1027,3,26,16,40,CC,CC,30,37.80151702
GCJ1028,3,26,18,38,CG,HH,43,41.27074133
GCJ1029,3,26,17,54,GG,GG,56,60.50966046
GCJ1030,3,26,16,52,GG,GG,46,57.57270515
GCJ1031,3,26,15,52,GG,GG,36,50.87293535
GCJ1032,3,26,18,46,GC,HH,46,44.43803084
GCJ1033,3,26,18,50,GG,GG,50,47.89325563
GCJ1034,3,26,17,45,CC,CC,41,44.07628139
GCJ1035,3,26,15,50,GG,GG,36,50.87293535
GCJ1036,3,26,17,39,CG,HH,46,49.95311899
GCJ1037,3,26,16,47,GC,HH,41,51.35535043
GCJ1038,3,26,16,48,GC,HH,51,63.16832455
GCJ1039,3,26,16,38,CG,HH,45,55.83184582
GCJ1040,3,26,14,45,CC,CC,26,43.52861621
GCJ1041,3,26,16,48,GC,HH,54,66.52569602
GCJ1042,3,26,16,50,GG,GG,44,54.83706912
GCJ1043,3,26,16,50,GG,GG,35,43.52148344
GCJ1044,3,26,15,54,GG,GG,33,46.57381406
GCJ1045,3,26,18,43,CC,CC,39,36.95171027
GCJ1046,3,27,16,48,GC,HH,55,68.14220834
GCJ1047,3,27,15,48,GC,HH,47,67.20959618
GCJ1048,3,27,15,51,GG,GG,63,90.28154716
GCJ1049,3,27,16,43,CC,CC,47,58.94052325
GCJ1050,3,27,16,43,CC,CC,46,56.95096968
GCJ1051,3,27,16,50,GG,GG,46,56.95096968
GCJ1052,3,27,17,46,GC,HH,54,59.20369655
GCJ1053,3,27,16,43,CC,CC,45,55.83184582
GCJ1054,3,27,17,48,GC,HH,62,67.25714051
GCJ1055,3,27,17,38,CG,HH,50,54.7416532
GCJ1056,3,27,17,51,GG,GG,53,57.89773271
GCJ1057,3,27,17,48,GC,HH,53,57.46241138
GCJ1058,3,27,18,39,CG,HH,68,65.16937996
GCJ1059,3,27,20,46,GC,HH,107,81.76690512
GCJ1060,3,27,16,41,CC,CC,34,41.65627694
GCJ1061,3,27,17,37,CG,HH,49,53.54451967
GCJ1062,3,27,16,37,CG,HH,40,50.11187953
GCJ1063,3,27,15,42,CC,CC,41,59.18456978
GCJ1064,3,27,16,52,GG,GG,48,59.06487035
GCJ1065,3,27,16,38,CG,HH,37,45.88407828
GCJ1066,3,27,17,37,CG,HH,65,70.8485413
GCJ1067,3,27,17,43,CC,CC,41,44.40277238
GCJ1068,3,27,15,45,CC,CC,33,47.86355036
GCJ1069,3,27,17,44,CC,CC,39,42.33499629
GCJ1070,3,27,19,53,GG,GG,74,62.97869859
GCJ1071,3,27,16,40,CC,CC,44,54.21533367
GCJ1072,3,27,14,37,CG,HH,45,74.88256187
GCJ1073,3,27,16,46,GC,HH,58,71.74827416
GCJ1074,3,27,14,42,CC,CC,34,56.7039444
GCJ1075,3,27,15,53,GG,GG,42,59.47117786
GCJ1076,3,27,15,53,GG,GG,40,56.89170507
GCJ1077,3,27,18,46,GC,HH,48,45.68575085
GCJ1078,3,27,18,38,CG,HH,45,43.47824615
GCJ1079,3,27,16,52,GG,GG,32,40.16411186
GCJ1080,3,27,14,52,GG,GG,28,46.86414229
GCJ1081,3,27,14,48,GC,HH,49,82.05394312
GCJ1082,3,27,16,50,GG,GG,43,53.71794522
GCJ1083,3,27,20,51,GG,GG,72,54.73966925
GCJ1084,3,27,15,50,GG,GG,37,52.30597574
GCJ1085,3,27,15,52,GG,GG,48,68.92924475
GCJ1086,3,27,19,38,CG,HH,61,52.15556639
GCJ1087,3,27,18,37,CG,HH,53,51.06054512
GCJ1088,3,27,15,50,GG,GG,35,50.72963131
GCJ1089,3,27,17,46,GC,HH,51,55.50346547
GCJ1090,3,27,14,39,CG,HH,44,73.38157519
GCJ1091,3,27,15,51,GG,GG,34,49.29659082
GCJ1092,3,27,17,37,CG,HH,43,47.12353057
GCJ1093,3,28,17,53,GG,GG,55,60.2919998
GCJ1094,3,28,18,46,GC,HH,62,59.31469342
GCJ1095,3,28,19,46,GC,HH,48,41.0767696
GCJ1096,3,28,16,46,GC,HH,47,58.69182906
GCJ1097,3,28,22,53,GG,GG,93,57.66547862
GCJ1098,3,28,17,50,GG,GG,51,55.61229579
GCJ1099,3,28,15,52,GG,GG,36,51.0162394
GCJ1100,3,28,18,38,CG,HH,42,40.59889207
GCJ1101,3,28,18,46,GC,HH,51,48.4691265
GCJ1102,3,28,21,38,CG,HH,69,47.12014085
GCJ1103,3,28,17,43,CC,CC,38,41.02903231
GCJ1104,3,28,18,50,GG,GG,54,51.92435136
GCJ1105,3,28,17,48,GC,HH,50,54.0886713
GCJ1106,3,28,17,38,CG,HH,50,53.979841
GCJ1107,3,28,17,46,GC,HH,44,47.5588518
GCJ1108,3,28,18,46,GC,HH,55,53.07609295
GCJ1109,3,28,17,52,GG,GG,47,51.25908281
GCJ1110,3,28,16,41,CC,CC,40,49.73883822
GCJ1111,3,28,16,41,CC,CC,39,48.24667305
GCJ1112,3,28,14,51,GG,GG,39,64.87598355
GCJ1113,3,28,17,52,GG,GG,45,48.42949439
GCJ1114,3,28,17,43,CC,CC,38,41.24669298
GCJ1115,3,28,18,50,GG,GG,48,45.8777078
GCJ1116,3,28,15,43,CC,CC,25,35.10949057
GCJ1117,3,28,16,41,CC,CC,31,38.05021123
GCJ1118,3,28,17,50,GG,GG,51,55.82995644
GCJ1119,3,28,18,44,CC,CC,45,43.19031067
GCJ1120,3,28,16,44,CC,CC,32,39.16933506
GCJ1121,3,28,16,48,GC,HH,41,50.857962
GCJ1122,3,28,15,50,GG,GG,37,52.59258385
GCJ1123,3,28,17,48,GC,HH,46,50.17077965
GCJ1124,3,28,18,48,GC,HH,53,50.96456668
GCJ1125,3,28,15,45,CC,CC,28,39.40861182
GCJ1126,3,28,18,37,CG,HH,55,52.88413595
GCJ1127,3,28,20,38,CG,HH,65,49.10582299
GCJ1128,3,28,19,51,GG,GG,61,52.15556639
GCJ1129,3,28,17,50,GG,GG,42,45.92639693
GCJ1130,3,28,16,50,GG,GG,42,52.35012717
GCJ1131,3,28,18,46,GC,HH,57,54.22783451
GCJ1132,3,28,14,37,CG,HH,35,58.37170756
GCJ1133,3,28,16,46,GC,HH,38,47.00320207
GCJ1134,3,28,16,38,CG,HH,38,47.50059044
GCJ1135,3,28,20,38,CG,HH,67,51.23754857
GCJ1136,3,28,17,48,GC,HH,64,69.65140766
GCJ1137,3,28,17,48,GC,HH,62,67.58363147
GCJ1138,3,28,17,52,GG,GG,47,51.58557384
GCJ1139,3,29,15,44,CC,CC,35,49.43989492
GCJ1140,3,29,16,43,CC,CC,24,29.7189558
GCJ1141,3,29,19,41,CC,CC,97,82.75008985
GCJ1142,3,29,18,39,CG,HH,50,47.70129868
GCJ1143,3,29,17,40,CC,CC,41,44.29394204
GCJ1144,3,29,18,38,CG,HH,44,42.32650449
GCJ1145,3,29,18,46,GC,HH,49,46.933471
GCJ1146,3,29,17,39,CG,HH,44,48.10300349
GCJ1147,3,29,17,46,GC,HH,53,57.78890228
GCJ1148,3,29,18,37,CG,HH,43,41.46269824
GCJ1149,3,29,16,39,CG,HH,38,46.63016079
GCJ1150,3,29,17,53,GG,GG,41,44.07628139
GCJ1151,3,29,16,47,GC,HH,48,59.93530007
GCJ1152,3,29,17,48,GC,HH,62,67.03947985
GCJ1153,3,29,17,40,CC,CC,30,32.7579277
GCJ1154,3,29,18,43,CC,CC,49,46.933471
GCJ1155,3,29,18,46,GC,HH,64,61.61817666
GCJ1156,3,29,16,47,GC,HH,44,54.46402783
GCJ1157,3,29,18,37,CG,HH,52,49.62086812
GCJ1158,3,29,18,50,GG,GG,42,40.69487052
GCJ1159,3,29,18,52,GG,GG,49,46.933471
GCJ1160,3,29,18,52,GG,GG,48,46.26162171
GCJ1161,3,29,18,38,CG,HH,48,45.68575085
GCJ1162,3,29,15,48,GC,HH,54,76.81096707
GCJ1163,3,29,17,51,GG,GG,44,47.99417315
GCJ1164,3,29,18,54,GG,GG,55,52.30826521
GCJ1165,3,29,17,42,CC,CC,51,55.50346547
GCJ1166,3,29,17,38,CG,HH,58,63.12158826
GCJ1167,3,29,15,48,GC,HH,71,101.7458705
GCJ1168,3,29,15,37,CG,HH,40,57.03500921
GCJ1169,3,29,15,42,CC,CC,42,60.04439413
GCJ1170,3,29,17,51,GG,GG,47,51.47674351
GCJ1171,3,29,18,51,GG,GG,49,47.41336337
GCJ1172,3,29,17,38,CG,HH,43,46.90586983
GCJ1173,3,29,18,51,GG,GG,47,44.62998779
GCJ1174,3,29,16,50,GG,GG,39,48.49536719
GCJ1175,3,29,16,42,CC,CC,39,47.99797885
GCJ1176,3,29,18,54,GG,GG,52,50.10076047
GCJ1177,3,29,18,38,CG,HH,50,48.08521254
GCJ1178,3,29,18,46,GC,HH,28,27.16190651
GCJ1179,3,29,19,46,GC,HH,66,56.16097747
GCJ1180,3,29,20,43,CC,CC,55,42.10158151
GCJ1181,3,29,16,42,CC,CC,42,52.47447425
GCJ1182,3,29,17,50,GG,GG,45,48.75598536
GCJ1183,3,30,17,48,GC,HH,44,47.5588518
GCJ1184,3,30,21,42,CC,CC,80,54.36939332
GCJ1185,3,30,16,40,CC,CC,34,42.15366541
GCJ1186,3,30,15,43,CC,CC,35,50.1564151
GCJ1187,3,30,15,38,CG,HH,35,50.1564151
GCJ1188,3,30,18,40,CC,CC,38,36.47181792
GCJ1189,3,30,16,47,GC,HH,41,51.10665621
GCJ1190,3,30,16,42,CC,CC,28,34.94153381
GCJ1191,3,30,18,46,GC,HH,47,45.10988012
GCJ1192,3,30,17,44,CC,CC,40,43.31446913
GCJ1193,3,30,17,37,CG,HH,48,52.23855582
GCJ1194,3,30,21,38,CG,HH,90,61.2766999
GCJ1195,3,30,16,46,GC,HH,42,51.72839172
GCJ1196,3,30,22,42,CC,CC,110,68.09959624
GCJ1197,3,30,17,48,GC,HH,48,52.56504675
GCJ1198,3,30,15,51,GG,GG,28,40.55504419
GCJ1199,3,30,15,44,CC,CC,29,42.13138868
GCJ1200,3,30,14,48,GC,HH,53,87.55756133
GCJ1201,3,30,18,40,CC,CC,44,42.13454758
GCJ1202,3,30,17,38,CG,HH,40,43.96745108
GCJ1203,3,30,17,46,GC,HH,49,53.21802865
GCJ1204,3,30,17,50,GG,GG,43,46.79703957
GCJ1205,3,30,17,46,GC,HH,50,54.0886713
GCJ1206,3,30,20,53,GG,GG,61,46.44116589
GCJ1207,3,30,16,50,GG,GG,42,52.59882142
GCJ1208,3,30,19,39,CG,HH,69,59.05850893
GCJ1209,3,30,16,50,GG,GG,39,47.87363177
GCJ1210,3,30,17,39,CG,HH,64,70.08672906
GCJ1211,3,30,16,38,CG,HH,43,53.96663945
GCJ1212,3,30,18,46,GC,HH,65,62.57796125
GCJ1213,3,30,17,46,GC,HH,68,73.67812972
GCJ1214,4,31,19,70,GC,HH,44,37.2418015
GCJ1215,4,31,16,67,CG,HH,38,46.87885504
GCJ1216,4,31,17,68,CG,HH,42,45.49107565
GCJ1217,4,31,16,68,CG,HH,35,43.02409502
GCJ1218,4,31,17,63,GG,GG,41,44.40277238
GCJ1219,4,31,22,72,GC,HH,159,98.41410381
GCJ1220,4,31,17,63,GG,GG,39,42.33499629
GCJ1221,4,31,20,70,GC,HH,73,55.65326601
GCJ1222,4,31,16,59,CC,CC,31,38.17455832
GCJ1223,4,31,17,63,GG,GG,42,45.92639693
GCJ1224,4,31,17,65,GG,GG,50,54.19750162
GCJ1225,4,31,16,67,CG,HH,45,56.3292342
GCJ1226,4,31,17,70,GC,HH,45,49.08247635
GCJ1227,4,31,16,63,GG,GG,40,49.98753233
GCJ1228,4,31,16,62,GG,GG,37,46.00842528
GCJ1229,4,31,17,70,GC,HH,41,44.29394204
GCJ1230,4,31,17,69,CG,HH,47,51.36791319
GCJ1231,4,31,18,70,GC,HH,41,38.96725809
GCJ1232,4,31,17,71,GC,HH,46,50.27960996
GCJ1233,4,31,17,68,CG,HH,39,42.11733557
GCJ1234,4,31,18,69,CG,HH,54,52.21228669
GCJ1235,4,31,16,65,GG,GG,39,48.24667305
GCJ1236,4,31,17,71,GC,HH,44,47.5588518
GCJ1237,4,31,16,63,GG,GG,39,48.86840855
GCJ1238,4,31,15,64,GG,GG,38,54.16892825
GCJ1239,4,31,19,72,GC,HH,77,65.62056555
GCJ1240,4,31,17,70,GC,HH,53,57.35358097
GCJ1241,4,31,17,62,GG,GG,43,46.2528879
GCJ1242,4,31,16,67,CG,HH,52,64.90918378
GCJ1243,4,31,18,64,GG,GG,57,54.41979156
GCJ1244,4,31,15,72,GC,HH,61,86.84225018
GCJ1245,4,32,18,68,CG,HH,104,99.4336931
GCJ1246,4,32,16,67,CG,HH,40,49.98753233
GCJ1247,4,32,17,67,CG,HH,48,52.56504675
GCJ1248,4,32,17,62,GG,GG,47,50.93259184
GCJ1249,4,32,16,67,CG,HH,41,50.6092679
GCJ1250,4,32,16,62,GG,GG,36,45.26234275
GCJ1251,4,32,16,68,CG,HH,45,56.45358131
GCJ1252,4,32,17,61,GG,GG,44,47.66768217
GCJ1253,4,32,17,72,GC,HH,50,54.30633196
GCJ1254,4,32,17,62,GG,GG,51,55.82995644
GCJ1255,4,32,19,67,CG,HH,57,48.3205983
GCJ1256,4,32,16,67,CG,HH,46,57.69705231
GCJ1257,4,32,16,66,GG,GG,44,54.09098649
GCJ1258,4,32,17,70,GC,HH,49,53.4356893
GCJ1259,4,32,19,71,GC,HH,57,48.91714884
GCJ1260,4,32,18,70,GC,HH,44,42.03856908
GCJ1261,4,32,16,62,GG,GG,37,45.75973113
GCJ1262,4,32,16,63,GG,GG,42,52.22578013
GCJ1263,4,32,16,72,GC,HH,55,68.01786127
GCJ1264,4,33,22,72,GC,HH,96,59.3942082
GCJ1265,4,33,17,67,CG,HH,40,43.96745108
GCJ1266,4,33,18,60,CC,CC,47,44.82194465
GCJ1267,4,33,18,63,GG,GG,44,42.13454758
GCJ1268,4,33,19,67,CG,HH,60,51.38857276
GCJ1269,4,33,15,67,CG,HH,34,48.58007064
GCJ1270,4,33,19,70,GC,HH,73,62.46736947
GCJ1271,4,33,18,71,GC,HH,46,44.34205231
GCJ1272,4,33,17,60,CC,CC,37,40.04955944
GCJ1273,4,33,16,67,CG,HH,38,46.75450786
GCJ1274,4,33,17,71,GC,HH,50,54.30633196
GCJ1275,4,33,17,62,GG,GG,40,43.20563884
GCJ1276,4,33,17,64,GG,GG,51,55.72112613
GCJ1277,4,33,17,67,CG,HH,59,63.77457014
GCJ1278,4,33,18,65,GG,GG,48,45.78172939
GCJ1279,4,33,15,62,GG,GG,27,38.97869976
GCJ1280,4,33,18,55,CC,CC,47,45.30183699
GCJ1281,4,33,14,59,CC,CC,34,56.37039188
GCJ1282,4,33,18,69,CG,HH,45,43.28628913
GCJ1283,4,33,14,67,CG,HH,38,63.04144409
GCJ1284,4,33,17,67,CG,HH,56,60.61849071
GCJ1285,4,33,14,58,CC,CC,27,45.02960299
GCJ1286,4,33,15,64,GG,GG,35,50.1564151
GCJ1287,4,33,15,62,GG,GG,37,53.30910398
GCJ1288,4,33,20,72,GC,HH,78,59.45991897
GCJ1289,4,33,17,65,GG,GG,50,54.63282287
GCJ1290,4,33,19,68,CG,HH,60,50.7920221
GCJ1291,4,33,17,68,CG,HH,57,62.35977593
GCJ1292,4,33,20,71,GC,HH,83,63.34270491
GCJ1293,4,33,16,63,GG,GG,38,47.62493753
GCJ1294,4,33,17,61,GG,GG,44,47.99417315
GCJ1295,4,33,16,64,GG,GG,41,50.6092679
GCJ1296,4,33,17,64,GG,GG,47,50.60610089
GCJ1297,4,33,16,60,CC,CC,37,45.51103697
GCJ1298,4,33,19,72,GC,HH,61,52.15556639
GCJ1299,4,33,17,70,GC,HH,39,42.22616593
GCJ1300,4,33,15,64,GG,GG,53,75.23462264
GCJ1301,4,33,16,64,GG,GG,51,63.04397745
GCJ1302,4,33,15,55,CC,CC,41,58.61135369
GCJ1303,4,33,16,63,GG,GG,49,61.17877095
GCJ1304,4,33,17,70,GC,HH,44,48.32066405
GCJ1305,4,33,15,63,GG,GG,37,53.30910398
GCJ1306,4,33,16,63,GG,GG,46,57.57270515
GCJ1307,4,34,18,68,CG,HH,49,46.83749255
GCJ1308,4,34,17,62,GG,GG,50,54.0886713
GCJ1309,4,34,17,57,CC,CC,36,39.50540778
GCJ1310,4,34,16,72,GC,HH,38,47.50059044
GCJ1311,4,34,16,56,CC,CC,31,38.54759958
GCJ1312,4,34,17,63,GG,GG,48,52.67387709
GCJ1313,4,34,17,70,GC,HH,45,48.53832475
GCJ1314,4,34,18,69,CG,HH,40,38.10345186
GCJ1315,4,34,20,72,GC,HH,76,58.0895239
GCJ1316,4,34,19,72,GC,HH,54,45.7639528
GCJ1317,4,34,20,69,CG,HH,64,48.34449233
GCJ1318,4,34,17,64,GG,GG,43,47.01470019
GCJ1319,4,34,17,64,GG,GG,39,42.77031758
GCJ1320,4,34,17,63,GG,GG,47,51.25908281
GCJ1321,4,34,18,61,GG,GG,45,43.38226761
GCJ1322,4,34,19,70,GC,HH,55,47.21271853
GCJ1323,4,34,14,63,GG,GG,26,43.19506362
GCJ1324,4,34,16,61,GG,GG,40,50.11187953
GCJ1325,4,34,17,63,GG,GG,44,48.21183372
GCJ1326,4,34,17,68,CG,HH,46,49.73545828
GCJ1327,4,34,18,70,GC,HH,56,53.55598534
GCJ1328,4,34,15,67,CG,HH,44,63.48369113
GCJ1329,4,34,16,65,GG,GG,42,52.59882142
GCJ1330,4,34,16,64,GG,GG,39,48.99275559
GCJ1331,4,34,16,64,GG,GG,46,57.69705231
GCJ1332,4,34,16,59,CC,CC,37,46.50581375
GCJ1333,4,34,17,60,CC,CC,35,38.52593486
GCJ1334,4,34,17,64,GG,GG,65,70.41321999
GCJ1335,4,34,17,63,GG,GG,43,47.12353057
GCJ1336,4,34,17,60,CC,CC,38,41.02903231
GCJ1337,4,34,15,58,CC,CC,32,45.14077355
GCJ1338,4,34,17,62,GG,GG,44,48.32066405
GCJ1339,4,34,17,65,GG,GG,39,42.77031758
GCJ1340,4,34,15,62,GG,GG,36,51.8760636
GCJ1341,4,34,16,57,CC,CC,36,44.39191303
GCJ1342,4,34,18,72,GC,HH,48,46.16564323
GCJ1343,4,34,14,58,CC,CC,33,55.03618135
GCJ1344,4,34,14,58,CC,CC,31,51.70065521
GCJ1345,4,34,17,65,GG,GG,40,43.85862075
GCJ1346,4,34,17,60,CC,CC,37,40.04955944
GCJ1347,4,34,15,62,GG,GG,32,46.28720594
GCJ1348,4,34,17,68,CG,HH,50,54.8504836
GCJ1349,4,34,21,72,GC,HH,127,86.51230513
GCJ1350,4,34,17,67,CG,HH,52,56.91825972
GCJ1351,4,34,16,64,GG,GG,39,48.99275559
GCJ1352,4,34,17,65,GG,GG,46,50.17077965
GCJ1353,4,34,17,68,CG,HH,52,56.48293842
GCJ1354,4,34,18,63,GG,GG,59,56.81925316
GCJ1355,4,34,17,71,GC,HH,48,52.56504675
GCJ1356,4,34,19,72,GC,HH,65,54.96787628
GCJ1357,4,34,16,69,CG,HH,51,63.41701862
GCJ1358,4,34,17,68,CG,HH,55,60.07433915
GCJ1359,4,35,17,68,CG,HH,44,47.34119115
GCJ1360,4,35,18,72,GC,HH,50,47.89325563
GCJ1361,4,35,15,62,GG,GG,34,49.29659082
GCJ1362,4,35,16,65,GG,GG,51,62.79528314
GCJ1363,4,35,18,70,GC,HH,58,55.66751156
GCJ1364,4,35,19,71,GC,HH,75,64.00135681
GCJ1365,4,35,15,61,GG,GG,33,47.57694229
GCJ1366,4,35,16,67,CG,HH,38,46.87885504
GCJ1367,4,35,17,67,CG,HH,45,48.86481569
GCJ1368,4,35,17,70,GC,HH,43,46.36171821
GCJ1369,4,35,17,68,CG,HH,45,49.19130668
GCJ1370,4,35,18,70,GC,HH,57,54.70772687
GCJ1371,4,35,18,71,GC,HH,55,53.17207137
GCJ1372,4,35,15,62,GG,GG,34,48.29346248
GCJ1373,4,35,15,68,CG,HH,34,49.00998279
GCJ1374,4,35,16,70,GC,HH,46,56.70227553
GCJ1375,4,35,15,63,GG,GG,38,54.02562428
GCJ1376,4,35,17,62,GG,GG,42,45.27341502
GCJ1377,4,35,17,62,GG,GG,40,43.31446913
GCJ1378,4,35,16,71,GC,HH,41,50.857962
GCJ1379,4,35,17,64,GG,GG,51,55.61229579
GCJ1380,4,35,15,60,CC,CC,24,34.96618653
GCJ1381,4,35,21,65,GG,GG,101,68.86789823
GCJ1382,4,35,16,58,CC,CC,35,43.27278919
GCJ1383,4,35,16,62,GG,GG,33,40.78584731
GCJ1384,4,35,16,61,GG,GG,31,38.79629375
GCJ1385,4,35,19,63,GG,GG,66,56.16097747
GCJ1386,4,35,15,64,GG,GG,33,47.57694229
GCJ1387,4,35,15,58,CC,CC,36,51.0162394
GCJ1388,4,35,15,57,CC,CC,29,40.84165233
GCJ1389,4,35,15,61,GG,GG,29,42.13138868
GCJ1390,4,35,15,63,GG,GG,33,47.43363823
GCJ1391,4,35,18,67,CG,HH,45,42.71041841
GCJ1392,4,35,15,62,GG,GG,52,74.37479831
GCJ1393,4,35,17,67,CG,HH,50,54.41516232
GCJ1394,4,35,15,55,CC,CC,36,52.0193677
GCJ1395,4,36,18,67,CG,HH,53,50.77260975
GCJ1396,4,36,17,56,CC,CC,31,33.84623091
GCJ1397,4,36,18,67,CG,HH,49,47.22140634
GCJ1398,4,36,15,68,CG,HH,36,51.30284741
GCJ1399,4,36,18,67,CG,HH,50,48.08521254
GCJ1400,4,36,19,69,CG,HH,50,42.78119988
GCJ1401,4,36,18,72,GC,HH,43,41.65465521
GCJ1402,4,36,16,62,GG,GG,33,40.53715308
GCJ1403,4,36,19,67,CG,HH,53,44.91173771
GCJ1404,4,36,16,64,GG,GG,36,44.39191303
GCJ1405,4,36,16,69,CG,HH,37,46.25711949
GCJ1406,4,36,15,55,CC,CC,29,41.55817256
GCJ1407,4,36,16,62,GG,GG,33,41.4075828
GCJ1408,4,36,16,67,CG,HH,43,53.46925106
GCJ1409,4,36,16,63,GG,GG,42,52.72316848
GCJ1410,4,36,14,58,CC,CC,24,40.02631372
GCJ1411,4,36,16,67,CG,HH,38,46.87885504
GCJ1412,4,36,18,63,GG,GG,38,36.27986096
GCJ1413,4,36,16,62,GG,GG,39,47.99797885
GCJ1414,4,36,15,64,GG,GG,28,40.41174017
GCJ1415,4,36,16,62,GG,GG,43,52.97186261
GCJ1416,4,36,18,70,GC,HH,52,49.81282497
GCJ1417,4,36,16,67,CG,HH,46,56.95096968
GCJ1418,4,36,16,62,GG,GG,31,38.79629375
GCJ1419,4,36,19,72,GC,HH,52,44.57085159
GCJ1420,4,36,18,70,GC,HH,61,58.45088713
GCJ1421,4,36,14,67,CG,HH,35,58.70526016
GCJ1422,4,36,17,61,GG,GG,39,42.87914786
GCJ1423,4,36,18,56,CC,CC,39,37.71953802
GCJ1424,4,36,19,71,GC,HH,51,43.46297199
GCJ1425,4,36,15,62,GG,GG,35,50.72963131
GCJ1426,4,36,16,64,GG,GG,43,52.97186261
GCJ1427,4,36,19,72,GC,HH,76,65.1092364
GCJ1428,4,36,16,63,GG,GG,39,48.99275559
GCJ1429,4,36,19,71,GC,HH,56,47.97971214
GCJ1430,4,36,15,64,GG,GG,34,49.15328683
GCJ1431,4,36,16,63,GG,GG,32,40.03976474
GCJ1432,4,36,13,62,GG,GG,28,55.15699457
GCJ1433,4,36,20,67,CG,HH,99,75.67626041
GCJ1434,4,36,17,71,GC,HH,51,55.17697459
GCJ1435,4,36,17,71,GC,HH,48,52.12972549
GCJ1436,4,36,18,68,CG,HH,53,50.86858815
GCJ1437,4,36,29,72,GC,HH,277,93.136344
GCJ1438,4,36,16,63,GG,GG,32,40.28845897
GCJ1439,4,37,15,65,GG,GG,43,61.76404262
GCJ1440,4,37,14,63,GG,GG,33,54.70262875
GCJ1441,4,37,15,69,CG,HH,49,70.07567713
GCJ1442,4,37,22,72,GC,HH,146,90.3261191
GCJ1443,4,37,15,61,GG,GG,34,48.15015849
GCJ1444,4,37,17,65,GG,GG,43,46.90586983
GCJ1445,4,37,20,71,GC,HH,80,60.67804784
GCJ1446,4,37,16,61,GG,GG,54,67.27177858
GCJ1447,4,37,15,63,GG,GG,34,48.15015849
GCJ1448,4,37,16,63,GG,GG,43,53.34490401
GCJ1449,4,37,17,72,GC,HH,47,50.93259184
GCJ1450,4,37,17,60,CC,CC,40,43.64096015
GCJ1451,4,37,16,71,GC,HH,50,61.80050643
GCJ1452,4,37,16,62,GG,GG,37,45.75973113
GCJ1453,4,37,16,61,GG,GG,37,46.13277242
GCJ1454,4,37,18,69,CG,HH,51,48.94901884
GCJ1455,4,37,16,67,CG,HH,38,46.75450786
GCJ1456,4,37,14,62,GG,GG,39,64.20887829
GCJ1457,4,37,17,63,GG,GG,45,48.42949439
GCJ1458,4,37,20,71,GC,HH,67,51.00914945
GCJ1459,4,37,17,67,CG,HH,43,46.2528879
GCJ1460,4,37,16,56,CC,CC,37,46.50581375
GCJ1461,4,37,18,63,GG,GG,44,42.32650449
GCJ1462,4,37,16,69,CG,HH,41,50.48492077
GCJ1463,4,37,15,64,GG,GG,29,40.98495636
GCJ1464,4,37,16,71,GC,HH,34,42.27801242
GCJ1465,4,37,16,63,GG,GG,33,40.78584731
GCJ1466,4,37,19,71,GC,HH,67,57.26885722
GCJ1467,4,37,17,60,CC,CC,53,57.35358097
GCJ1468,4,37,16,59,CC,CC,36,44.14321885
GCJ1469,4,37,15,57,CC,CC,31,43.99434123
GCJ1470,4,37,16,60,CC,CC,32,39.91541767
GCJ1471,4,37,17,68,CG,HH,42,45.27341502
GCJ1472,4,37,17,67,CG,HH,38,41.35552334
GCJ1473,4,37,18,67,CG,HH,48,46.45357861
GCJ1474,4,36,17,65,GG,GG,57,62.14211524
GCJ1475,4,36,16,61,GG,GG,47,58.19444062
GCJ1476,4,36,18,72,GC,HH,43,41.65465521
GCJ1477,4,36,15,63,GG,GG,41,58.75465764
GCJ1478,4,36,15,62,GG,GG,38,54.02562428
GCJ1479,4,37,16,69,CG,HH,62,77.59258756
GCJ1480,4,37,17,72,GC,HH,75,81.51391309
GCJ1481,4,37,17,71,GC,HH,50,54.0886713
GCJ1482,4,37,16,62,GG,GG,63,77.96562882
GCJ1483,4,37,16,62,GG,GG,58,71.62392703
GCJ1484,4,38,16,64,GG,GG,28,34.31979832
GCJ1485,4,38,21,72,GC,HH,86,58.67791126
GCJ1486,4,38,19,72,GC,HH,78,66.81366666
GCJ1487,4,38,16,63,GG,GG,38,47.62493753
GCJ1488,4,38,17,57,CC,CC,36,38.85242583
GCJ1489,4,38,16,64,GG,GG,36,44.14321885
GCJ1490,4,38,15,64,GG,GG,37,52.44927979
GCJ1491,4,38,16,67,CG,HH,42,52.10143296
GCJ1492,4,38,17,62,GG,GG,53,57.24475065
GCJ1493,4,38,17,60,CC,CC,48,52.45621637
GCJ1494,4,38,19,72,GC,HH,48,40.56544047
GCJ1495,4,38,14,62,GG,GG,39,65.70986501
GCJ1496,4,38,15,61,GG,GG,52,73.94488622
GCJ1497,4,38,19,72,GC,HH,45,38.17923815
GCJ1498,4,38,16,58,CC,CC,35,42.89974789
GCJ1499,4,38,17,64,GG,GG,44,48.32066405
GCJ1500,4,38,17,63,GG,GG,43,46.36171821
GCJ1501,4,38,19,70,GC,HH,46,38.77578869
GCJ1502,4,38,18,55,CC,CC,35,33.11257157
GCJ1503,4,38,18,71,GC,HH,49,47.22140634
GCJ1504,4,38,19,72,GC,HH,45,37.92357361
GCJ1505,4,38,17,67,CG,HH,28,30.14599987
GCJ1506,4,38,19,71,GC,HH,55,46.53094642
GCJ1507,4,38,17,67,CG,HH,43,46.57937887
GCJ1508,4,38,16,67,CG,HH,43,53.71794522
GCJ1509,4,38,17,63,GG,GG,44,47.88534282
GCJ1510,4,38,16,60,CC,CC,30,37.30412863
GCJ1511,4,38,16,59,CC,CC,33,41.15888859
GCJ1512,4,38,16,55,CC,CC,31,38.42325252
GCJ1513,4,38,15,59,CC,CC,29,41.55817256
GCJ1514,4,38,15,60,CC,CC,31,44.13764527
GCJ1515,4,38,16,64,GG,GG,36,44.14321885
GCJ1516,4,38,15,59,CC,CC,33,47.00372611
GCJ1517,4,38,17,70,GC,HH,54,59.20369655
GCJ1518,4,38,18,68,CG,HH,35,33.78442082
GCJ1519,4,38,19,71,GC,HH,50,42.1846493
GCJ1520,4,38,17,61,GG,GG,38,41.79084466
GCJ1521,4,38,16,67,CG,HH,43,53.46925106
GCJ1522,4,38,15,62,GG,GG,52,74.37479831
GCJ1523,4,38,16,57,CC,CC,31,38.54759958
GCJ1524,4,38,16,61,GG,GG,40,49.86318528
GCJ1525,4,38,18,69,CG,HH,38,36.66377491
GCJ1526,4,38,18,71,GC,HH,86,82.54148272
GCJ1527,4,38,17,63,GG,GG,42,45.49107565
GCJ1528,4,38,18,71,GC,HH,51,48.75706188
GCJ1529,4,38,17,65,GG,GG,38,41.02903231
GCJ1530,4,38,16,61,GG,GG,42,52.72316848
GCJ1531,4,38,15,70,GC,HH,43,61.76404262
GCJ1532,4,38,15,69,CG,HH,45,64.63012338
GCJ1533,4,38,18,68,CG,HH,49,47.31738486
GCJ1534,4,38,17,63,GG,GG,43,46.57937887
GCJ1535,4,38,17,64,GG,GG,55,59.53018758
GCJ1536,4,38,17,70,GC,HH,34,37.32880129
GCJ1537,4,38,14,64,GG,GG,34,56.87072071
GCJ1538,4,39,15,62,GG,GG,42,59.90108998
GCJ1539,4,39,17,72,GC,HH,49,53.4356893
GCJ1540,4,39,20,72,GC,HH,68,51.54208087
GCJ1541,4,39,18,70,GC,HH,40,38.29540881
GCJ1542,4,39,16,64,GG,GG,40,49.36579689
GCJ1543,4,39,16,55,CC,CC,38,47.00320207
GCJ1544,4,39,15,72,GC,HH,28,40.69834828
GCJ1545,4,39,17,67,CG,HH,42,45.27341502
GCJ1546,4,39,15,62,GG,GG,28,40.55504419
GCJ1547,4,39,17,64,GG,GG,39,42.44382654
GCJ1548,4,39,16,67,CG,HH,44,54.58837496
GCJ1549,4,39,16,67,CG,HH,46,56.95096968
GCJ1550,4,39,14,62,GG,GG,35,58.70526016
GCJ1551,4,39,16,65,GG,GG,35,44.01887176
GCJ1552,4,39,16,59,CC,CC,31,39.04498794
GCJ1553,4,39,17,64,GG,GG,45,49.08247635
GCJ1554,4,39,17,60,CC,CC,37,40.70254133
GCJ1555,4,39,18,67,CG,HH,48,46.16564323
GCJ1556,4,39,17,62,GG,GG,41,44.94692404
GCJ1557,4,39,15,68,CG,HH,37,53.59571215
GCJ1558,4,39,17,68,CG,HH,41,44.51160271
GCJ1559,4,39,17,68,CG,HH,29,31.45196379
GCJ1560,4,39,19,71,GC,HH,55,47.12749706
GCJ1561,4,39,15,62,GG,GG,32,45.85729381
GCJ1562,4,39,18,72,GC,HH,56,53.74794227
GCJ1563,4,39,17,62,GG,GG,44,47.66768217
GCJ1564,4,39,16,67,CG,HH,39,48.86840855
GCJ1565,4,39,17,68,CG,HH,46,50.27960996
GCJ1566,4,39,19,59,CC,CC,54,46.19006038
GCJ1567,4,39,18,70,GC,HH,49,46.933471
GCJ1568,4,39,15,62,GG,GG,30,43.27782107
GCJ1569,4,39,17,63,GG,GG,40,42.9879782
GCJ1570,4,39,16,63,GG,GG,36,44.39191303
GCJ1571,4,39,14,67,CG,HH,30,50.36644474
GCJ1572,4,39,18,65,GG,GG,51,48.75706188
GCJ1573,4,39,16,67,CG,HH,44,54.96141623
GCJ1574,4,39,16,62,GG,GG,41,50.48492077
GCJ1575,4,39,16,67,CG,HH,38,47.50059044
GCJ1576,4,39,14,64,GG,GG,34,56.37039188
GCJ1577,4,39,20,71,GC,HH,77,58.47018918
GCJ1578,4,39,28,71,GC,HH,231,83.78407822
GCJ1579,4,39,17,62,GG,GG,41,44.62043306
GCJ1580,4,39,23,72,GC,HH,148,82.64410161
GCJ1581,4,39,23,72,GC,HH,118,66.01449571
GCJ1582,4,40,18,64,GG,GG,56,53.65196381
GCJ1583,4,40,16,64,GG,GG,39,48.49536719
GCJ1584,4,40,16,63,GG,GG,40,49.24144977
GCJ1585,4,40,18,63,GG,GG,40,38.58334426
GCJ1586,4,40,17,67,CG,HH,40,43.85862075
GCJ1587,4,40,16,64,GG,GG,28,35.19022803
GCJ1588,4,40,18,67,CG,HH,48,46.06966476
GCJ1589,4,40,19,67,CG,HH,55,46.95705397
GCJ1590,4,40,18,71,GC,HH,48,45.78172939
GCJ1591,4,40,17,63,GG,GG,47,50.60610089
GCJ1592,4,40,19,70,GC,HH,46,39.45756086
GCJ1593,4,40,16,64,GG,GG,37,46.13277242
GCJ1594,4,40,17,70,GC,HH,54,59.20369655
GCJ1595,4,40,15,61,GG,GG,43,61.90734657
GCJ1596,4,40,20,62,GG,GG,67,51.08528246
GCJ1597,4,40,17,60,CC,CC,36,39.17891683
GCJ1598,4,40,21,72,GC,HH,87,59.29341388
GCJ1599,4,40,17,69,CG,HH,47,50.60610089
GCJ1600,4,40,15,64,GG,GG,46,65.48994776
GCJ1601,4,40,16,62,GG,GG,30,37.5528228
GCJ1602,4,40,16,71,GC,HH,47,58.31878776
GCJ1603,4,40,21,70,GC,HH,90,61.55025648
GCJ1604,4,40,14,61,GG,GG,30,50.5332211
GCJ1605,4,40,17,67,CG,HH,45,48.86481569
GCJ1606,4,40,17,60,CC,CC,38,41.13786267
GCJ1607,4,40,17,56,CC,CC,44,47.88534282
GCJ1608,4,40,15,62,GG,GG,36,51.44615146
GCJ1609,4,40,18,69,CG,HH,58,55.28359771
GCJ1610,4,40,19,72,GC,HH,95,81.21610247
GCJ1611,4,40,17,62,GG,GG,61,66.8218192
GCJ1612,4,40,17,62,GG,GG,55,59.74784821
GCJ1613,4,40,16,68,CG,HH,39,48.74406138
GCJ1614,4,40,23,72,GC,HH,152,84.99576303
GCJ1615,4,40,18,61,GG,GG,50,47.50934183
GCJ1616,4,40,17,64,GG,GG,50,54.0886713
GCJ1617,4,40,17,63,GG,GG,41,44.51160271
GCJ1618,4,40,17,67,CG,HH,54,58.44188428
GCJ1619,5,41,17,85,CG,HH,46,49.84428861
GCJ1620,5,41,18,82,GG,GG,63,60.75437045
GCJ1621,5,41,19,90,GC,HH,65,55.64964843
GCJ1622,5,41,17,89,GC,HH,38,41.79084466
GCJ1623,5,41,17,74,CC,CC,40,43.20563884
GCJ1624,5,41,16,86,CG,HH,40,49.24144977
GCJ1625,5,41,16,88,GC,HH,42,52.22578013
GCJ1626,5,41,17,77,CC,CC,38,40.92020201
GCJ1627,5,41,18,90,GC,HH,48,46.06966476
GCJ1628,5,41,19,88,GC,HH,99,84.19885545
GCJ1629,5,41,16,82,GG,GG,34,42.52670661
GCJ1630,5,41,18,74,CC,CC,36,34.55224854
GCJ1631,5,41,15,81,GG,GG,29,41.98808464
GCJ1632,5,41,17,86,CG,HH,47,50.82376158
GCJ1633,5,41,17,81,GG,GG,48,51.91206477
GCJ1634,5,41,18,88,GC,HH,61,58.25893027
GCJ1635,5,41,19,88,GC,HH,56,47.80926917
GCJ1636,5,41,16,90,GC,HH,45,55.58315174
GCJ1637,5,41,17,90,GC,HH,49,53.65334993
GCJ1638,5,41,16,85,CG,HH,43,52.97186261
GCJ1639,5,41,16,74,CC,CC,31,38.29890542
GCJ1640,5,41,17,89,GC,HH,48,52.34738615
GCJ1641,5,41,15,82,GG,GG,28,39.40861182
GCJ1642,5,41,16,83,GG,GG,31,39.04498794
GCJ1643,5,41,17,83,GG,GG,56,60.8361514
GCJ1644,5,41,17,81,GG,GG,38,41.02903231
GCJ1645,5,41,17,89,GC,HH,52,56.26527774
GCJ1646,5,41,15,81,GG,GG,34,49.00998279
GCJ1647,5,41,16,80,GG,GG,36,44.51626018
GCJ1648,5,41,16,88,GC,HH,44,55.21011033
GCJ1649,5,41,16,76,CC,CC,41,51.35535043
GCJ1650,5,41,16,83,GG,GG,36,45.01364857
GCJ1651,5,41,15,81,GG,GG,37,52.44927979
GCJ1652,5,41,16,86,CG,HH,44,54.96141623
GCJ1653,5,41,22,88,GC,HH,110,68.03785589
GCJ1654,5,41,17,73,CC,CC,38,41.79084466
GCJ1655,5,41,16,86,CG,HH,40,49.86318528
GCJ1656,5,41,16,90,GC,HH,53,66.40134892
GCJ1657,5,41,16,88,GC,HH,47,57.82139936
GCJ1658,5,42,18,82,GG,GG,41,39.54312895
GCJ1659,5,42,18,80,GG,GG,41,38.96725809
GCJ1660,5,42,18,85,CG,HH,43,41.55867676
GCJ1661,5,42,18,83,GG,GG,46,43.86216002
GCJ1662,5,42,15,81,GG,GG,29,41.55817256
GCJ1663,5,42,19,90,GC,HH,49,42.01420624
GCJ1664,5,42,16,78,CC,CC,36,44.39191303
GCJ1665,5,42,17,88,GC,HH,43,46.90586983
GCJ1666,5,42,17,82,GG,GG,44,47.77651242
GCJ1667,5,42,16,90,GC,HH,48,59.56225876
GCJ1668,5,42,19,83,GG,GG,93,78.82990007
GCJ1669,5,42,18,88,GC,HH,44,42.32650449
GCJ1670,5,42,17,81,GG,GG,31,34.17272188
GCJ1671,5,42,17,76,CC,CC,24,25.90161722
GCJ1672,5,42,17,90,GC,HH,45,48.75598536
GCJ1673,5,42,17,88,GC,HH,51,55.0681442
GCJ1674,5,42,18,82,GG,GG,49,47.22140634
GCJ1675,5,42,15,78,CC,CC,26,37.1157472
GCJ1676,5,42,17,77,CC,CC,33,35.69634645
GCJ1677,5,42,17,87,CG,HH,49,53.65334993
GCJ1678,5,42,16,88,GC,HH,33,41.53192987
GCJ1679,5,42,17,81,GG,GG,46,50.27960996
GCJ1680,5,42,17,88,GC,HH,36,39.28774714
GCJ1681,5,42,15,90,GC,HH,49,70.07567713
GCJ1682,5,42,23,90,GC,HH,130,72.56555263
GCJ1683,5,42,17,76,CC,CC,33,35.91400709
GCJ1684,5,42,20,76,CC,CC,59,44.91850475
GCJ1685,5,42,17,86,CG,HH,70,76.29005746
GCJ1686,5,42,16,90,GC,HH,81,101.2185357
GCJ1687,5,42,19,90,GC,HH,66,56.41664203
GCJ1688,5,42,16,88,GC,HH,55,68.39090253
GCJ1689,5,42,17,80,GG,GG,47,50.82376158
GCJ1690,5,42,15,87,CG,HH,45,64.48681935
GCJ1691,5,42,16,86,CG,HH,45,55.70749872
GCJ1692,5,42,15,77,CC,CC,45,64.34351542
GCJ1693,5,42,18,90,GC,HH,53,50.77260975
GCJ1694,5,43,15,81,GG,GG,27,38.26217952
GCJ1695,5,43,20,82,GG,GG,67,50.70461716
GCJ1696,5,43,17,82,GG,GG,39,42.87914786
GCJ1697,5,43,17,83,GG,GG,42,45.49107565
GCJ1698,5,43,16,81,GG,GG,35,43.64583053
GCJ1699,5,43,20,86,CG,HH,69,52.60794361
GCJ1700,5,43,18,90,GC,HH,52,50.29271741
GCJ1701,5,43,17,85,CG,HH,52,56.80942937
GCJ1702,5,43,19,73,CC,CC,38,32.63983976
GCJ1703,5,43,19,88,GC,HH,52,44.22996554
GCJ1704,5,43,16,86,CG,HH,38,47.12754915
GCJ1705,5,43,18,88,GC,HH,58,55.85946849
GCJ1706,5,43,19,89,GC,HH,71,60.33683162
GCJ1707,5,43,17,80,GG,GG,39,42.22616593
GCJ1708,5,43,17,74,CC,CC,37,39.83189881
GCJ1709,5,43,18,74,CC,CC,39,37.62355959
GCJ1710,5,43,19,82,GG,GG,46,38.94623177
GCJ1711,5,43,19,88,GC,HH,64,54.37132567
GCJ1712,5,43,18,76,CC,CC,38,36.3758395
GCJ1713,5,43,17,76,CC,CC,34,37.43763166
GCJ1714,5,43,19,83,GG,GG,50,42.44031376
GCJ1715,5,43,17,81,GG,GG,47,51.15025251
GCJ1716,5,43,16,86,CG,HH,41,50.36057371
GCJ1717,5,43,18,90,GC,HH,51,48.75706188
GCJ1718,5,43,16,77,CC,CC,52,64.78483679
GCJ1719,5,43,15,90,GC,HH,43,61.47743453
GCJ1720,5,43,15,86,CG,HH,50,71.36541342
GCJ1721,5,43,17,85,CG,HH,44,47.77651242
GCJ1722,5,43,18,81,GG,GG,46,43.76618149
GCJ1723,5,43,19,86,CG,HH,65,55.05309787
GCJ1724,5,43,19,90,GC,HH,57,48.49104127
GCJ1725,5,43,18,89,GC,HH,64,61.81013356
GCJ1726,5,43,20,86,CG,HH,59,44.69010551
GCJ1727,5,43,18,73,CC,CC,39,37.71953802
GCJ1728,5,43,17,87,CG,HH,34,37.00231032
GCJ1729,5,43,17,87,CG,HH,54,58.44188428
GCJ1730,5,43,17,86,CG,HH,54,58.44188428
GCJ1731,5,43,18,83,GG,GG,58,55.76349005
GCJ1732,5,43,18,74,CC,CC,36,34.840184
GCJ1733,5,43,18,82,GG,GG,43,41.1747629
GCJ1734,5,43,16,87,CG,HH,42,52.59882142
GCJ1735,5,43,20,86,CG,HH,84,63.87563639
GCJ1736,5,43,19,80,GG,GG,59,50.28069303
GCJ1737,5,43,18,81,GG,GG,56,53.8439207
GCJ1738,5,43,19,89,GC,HH,62,52.58167397
GCJ1739,5,43,18,74,CC,CC,53,50.96456668
GCJ1740,5,43,16,81,GG,GG,39,48.49536719
GCJ1741,5,43,19,85,CG,HH,55,46.53094642
GCJ1742,5,43,17,88,GC,HH,51,55.93878678
GCJ1743,5,43,17,90,GC,HH,45,48.75598536
GCJ1744,5,44,16,88,GC,HH,39,48.49536719
GCJ1745,5,44,17,86,CG,HH,53,57.13592043
GCJ1746,5,44,16,90,GC,HH,36,44.88930144
GCJ1747,5,44,20,86,CG,HH,76,57.9372578
GCJ1748,5,44,15,88,GC,HH,56,79.53374399
GCJ1749,5,44,21,88,GC,HH,109,74.27064286
GCJ1750,5,44,15,89,GC,HH,50,70.93550143
GCJ1751,5,44,17,81,GG,GG,41,44.18511178
GCJ1752,5,44,23,88,GC,HH,152,85.27572257
GCJ1753,5,44,16,74,CC,CC,34,42.40235952
GCJ1754,5,44,17,73,CC,CC,36,39.07008652
GCJ1755,5,44,20,82,GG,GG,81,61.74391068
GCJ1756,5,44,17,87,CG,HH,48,52.12972549
GCJ1757,5,44,16,85,CG,HH,43,53.71794522
GCJ1758,5,44,18,85,CG,HH,44,42.61443993
GCJ1759,5,44,17,81,GG,GG,39,42.55265693
GCJ1760,5,44,17,86,CG,HH,42,45.81756662
GCJ1761,5,44,16,89,GC,HH,44,54.33968068
GCJ1762,5,44,17,76,CC,CC,43,46.36171821
GCJ1763,5,45,16,76,CC,CC,39,48.49536719
GCJ1764,5,45,18,90,GC,HH,46,44.53400925
GCJ1765,5,45,18,81,GG,GG,39,37.04768872
GCJ1766,5,45,18,89,GC,HH,62,59.4106719
GCJ1767,5,45,17,87,CG,HH,59,63.88340043
GCJ1768,5,45,15,89,GC,HH,59,84.26277742
GCJ1769,5,45,16,88,GC,HH,69,86.0481901
GCJ1770,5,45,19,86,CG,HH,70,59.22895196
GCJ1771,5,45,18,85,CG,HH,64,61.04230577
GCJ1772,5,45,18,88,GC,HH,58,55.37957621
GCJ1773,5,45,16,81,GG,GG,46,57.44835812
GCJ1774,5,45,17,83,GG,GG,43,46.79703957
GCJ1775,5,45,17,88,GC,HH,41,44.40277238
GCJ1776,5,45,17,78,CC,CC,35,37.76412261
GCJ1777,5,45,15,73,CC,CC,28,39.69521998
GCJ1778,5,45,17,78,CC,CC,36,38.96125619
GCJ1779,5,45,19,74,CC,CC,50,42.95164288
GCJ1780,5,45,19,88,GC,HH,63,53.77477513
GCJ1781,5,45,18,82,GG,GG,51,49.23695424
GCJ1782,5,45,19,88,GC,HH,66,55.99053445
GCJ1783,5,45,17,90,GC,HH,53,57.57124164
GCJ1784,5,45,17,88,GC,HH,45,48.97364604
GCJ1785,5,45,18,77,CC,CC,40,38.48736575
GCJ1786,5,45,18,85,CG,HH,49,47.22140634
GCJ1787,5,45,18,82,GG,GG,45,43.28628913
GCJ1788,5,45,17,74,CC,CC,34,36.89347998
GCJ1789,5,45,15,88,GC,HH,34,49.29659082
GCJ1790,5,45,17,82,GG,GG,37,40.48488071
GCJ1791,5,45,19,88,GC,HH,56,47.38316157
GCJ1792,5,45,18,88,GC,HH,64,60.94632735
GCJ1793,5,45,16,88,GC,HH,42,52.59882142
GCJ1794,5,45,17,78,CC,CC,40,43.0968085
GCJ1795,5,45,16,83,GG,GG,41,50.7336149
GCJ1796,5,45,17,85,CG,HH,45,49.19130668
GCJ1797,5,45,18,85,CG,HH,50,48.37314799
GCJ1798,5,45,16,88,GC,HH,34,42.52670661
GCJ1799,5,45,16,80,GG,GG,41,50.7336149
GCJ1800,5,45,16,85,CG,HH,37,45.63538408
GCJ1801,5,45,17,82,GG,GG,42,45.49107565
GCJ1802,5,45,15,81,GG,GG,48,68.49933258
GCJ1803,5,45,15,86,CG,HH,39,55.74527279
GCJ1804,5,45,22,88,GC,HH,118,72.54490077
GCJ1805,5,45,17,81,GG,GG,42,45.81756662
GCJ1806,5,45,18,90,GC,HH,62,59.60262881
GCJ1807,5,45,18,82,GG,GG,42,40.59889207
GCJ1808,5,46,17,89,GC,HH,51,55.72112613
GCJ1809,5,46,19,80,GG,GG,55,46.78661099
GCJ1810,5,46,17,74,CC,CC,35,37.98178324
GCJ1811,5,46,17,73,CC,CC,33,36.13166775
GCJ1812,5,46,17,75,CC,CC,37,40.15838972
GCJ1813,5,46,18,74,CC,CC,44,42.13454758
GCJ1814,5,46,18,85,CG,HH,52,50.10076047
GCJ1815,5,46,17,77,CC,CC,44,47.88534282
GCJ1816,5,46,18,85,CG,HH,47,45.49379392
GCJ1817,5,46,17,83,GG,GG,40,43.96745108
GCJ1818,5,46,17,81,GG,GG,37,39.83189881
GCJ1819,5,46,18,74,CC,CC,43,40.79084904
GCJ1820,5,46,19,83,GG,GG,51,43.37775045
GCJ1821,5,46,16,81,GG,GG,41,50.857962
GCJ1822,5,46,18,89,GC,HH,58,55.85946849
GCJ1823,5,46,17,74,CC,CC,45,48.75598536
GCJ1824,5,46,14,90,GC,HH,34,56.5371682
GCJ1825,5,46,17,81,GG,GG,35,38.19944394
GCJ1826,5,46,16,89,GC,HH,59,73.11609206
GCJ1827,5,46,17,76,CC,CC,37,40.59371105
GCJ1828,5,46,18,81,GG,GG,47,44.62998779
GCJ1829,5,46,17,75,CC,CC,47,51.47674351
GCJ1830,5,46,15,86,CG,HH,48,69.35915684
GCJ1831,5,46,17,89,GC,HH,67,72.58982644
GCJ1832,5,46,17,77,CC,CC,41,44.62043306
GCJ1833,5,46,18,81,GG,GG,56,53.36402832
GCJ1834,5,46,18,86,CG,HH,59,56.53131775
GCJ1835,5,46,19,85,CG,HH,50,42.1846493
GCJ1836,5,46,17,76,CC,CC,36,39.17891683
GCJ1837,5,46,16,88,GC,HH,45,55.33445744
GCJ1838,5,46,17,81,GG,GG,39,42.66148719
GCJ1839,5,46,16,83,GG,GG,40,49.24144977
GCJ1840,5,46,16,75,CC,CC,28,35.06588095
GCJ1841,5,46,17,81,GG,GG,39,42.11733557
GCJ1842,5,46,17,86,CG,HH,43,46.57937887
GCJ1843,5,46,18,89,GC,HH,54,51.92435136
GCJ1844,5,46,17,81,GG,GG,54,58.33305396
GCJ1845,5,46,17,81,GG,GG,50,54.0886713
GCJ1846,5,46,16,80,GG,GG,38,47.62493753
GCJ1847,5,46,18,86,CG,HH,75,71.98385119
GCJ1848,5,46,18,89,GC,HH,56,53.8439207
GCJ1849,5,46,17,82,GG,GG,44,47.66768217
GCJ1850,5,46,17,85,CG,HH,45,48.97364604
GCJ1851,5,46,18,74,CC,CC,42,40.31095666
GCJ1852,5,46,17,80,GG,GG,44,47.99417315
GCJ1853,5,46,17,88,GC,HH,38,40.92020201
GCJ1854,5,46,19,74,CC,CC,47,39.71322533
GCJ1855,5,46,18,73,CC,CC,41,39.35117195
GCJ1857,5,46,18,88,GC,HH,53,50.86858815
GCJ1858,5,46,14,88,GC,HH,30,49.19901059
GCJ1859,5,46,16,90,GC,HH,51,62.91963028
GCJ1860,5,46,16,80,GG,GG,54,66.65004316
GCJ1861,5,46,17,90,GC,HH,59,64.10106115
GCJ1862,5,46,17,81,GG,GG,48,52.45621637
GCJ1863,5,46,19,90,GC,HH,59,50.5363576
GCJ1864,5,46,18,82,GG,GG,37,35.70399023
GCJ1865,5,46,16,89,GC,HH,50,62.17354778
GCJ1866,5,46,17,80,GG,GG,38,41.02903231
GCJ1867,5,46,18,89,GC,HH,60,57.20316703
GCJ1868,5,46,18,86,CG,HH,57,54.41979156
GCJ1869,5,46,16,78,CC,CC,32,39.54237633
GCJ1870,5,46,16,81,GG,GG,40,50.23622651
GCJ1871,5,46,17,75,CC,CC,51,54.95931384
GCJ1872,5,46,18,90,GC,HH,61,58.54686568
GCJ1873,5,46,19,90,GC,HH,67,56.92797111
GCJ1874,5,46,18,81,GG,GG,58,55.76349005
GCJ1875,5,46,18,90,GC,HH,61,58.54686568
GCJ1876,5,46,19,90,GC,HH,64,54.71221181
GCJ1877,5,46,16,81,GG,GG,36,44.76495436
GCJ1878,5,47,16,76,CC,CC,30,36.80674022
GCJ1879,5,47,17,82,GG,GG,43,47.12353057
GCJ1880,5,47,18,88,GC,HH,45,43.09433228
GCJ1881,5,47,19,86,CG,HH,48,40.56544047
GCJ1882,5,47,20,88,GC,HH,72,54.58740323
GCJ1883,5,47,18,76,CC,CC,41,39.44715041
GCJ1884,5,47,17,82,GG,GG,37,39.94072906
GCJ1885,5,47,17,73,CC,CC,37,40.15838972
GCJ1886,5,47,17,84,GG,GG,29,31.88728512
GCJ1887,5,47,17,80,GG,GG,34,36.45815869
GCJ1888,5,47,19,90,GC,HH,54,45.93439588
GCJ1889,5,47,17,73,CC,CC,36,39.28774714
GCJ1890,5,47,17,87,CG,HH,42,45.49107565
GCJ1891,5,47,18,86,CG,HH,46,44.15009537
GCJ1892,5,47,20,88,GC,HH,69,52.30341141
GCJ1893,5,47,16,87,CG,HH,39,48.24667305
GCJ1894,5,47,18,90,GC,HH,44,42.42248297
GCJ1895,5,47,19,89,GC,HH,53,44.74129467
GCJ1896,5,47,16,77,CC,CC,38,46.87885504
GCJ1897,5,47,18,85,CG,HH,44,42.23052602
GCJ1898,5,47,17,85,CG,HH,41,44.40277238
GCJ1899,5,47,16,87,CG,HH,46,56.57792844
GCJ1900,5,47,20,82,GG,GG,61,46.51729892
GCJ1901,5,47,18,90,GC,HH,48,45.68575085
GCJ1902,5,47,18,90,GC,HH,50,47.79727715
GCJ1903,5,47,19,88,GC,HH,56,47.55360467
GCJ1904,5,47,20,89,GC,HH,57,43.47197657
GCJ1905,5,47,18,80,GG,GG,45,42.99835381
GCJ1906,5,47,19,76,CC,CC,48,41.24721258
GCJ1907,5,47,17,80,GG,GG,51,55.50346547
GCJ1908,5,47,15,77,CC,CC,43,60.90421838
GCJ1909,5,47,19,87,CG,HH,73,61.78559737
GCJ1910,5,47,16,88,GC,HH,42,52.47447425
GCJ1911,5,47,17,75,CC,CC,37,40.48488071
GCJ1912,5,47,16,77,CC,CC,33,41.15888859
GCJ1913,5,47,21,90,GC,HH,76,51.90738303
GCJ1914,5,47,17,76,CC,CC,36,38.74359551
GCJ1915,5,47,18,85,CG,HH,46,44.24607386
GCJ1916,5,47,17,81,GG,GG,44,47.99417315
GCJ1917,5,47,16,86,CG,HH,48,59.93530007
GCJ1918,5,47,15,89,GC,HH,38,55.02875257
GCJ1919,5,47,16,88,GC,HH,48,60.0596471
GCJ1920,5,47,19,81,GG,GG,55,46.53094642
GCJ1921,5,47,18,81,GG,GG,41,39.25519355
GCJ1922,5,47,17,84,GG,GG,44,48.32066405
GCJ1923,5,47,17,84,GG,GG,42,45.16458469
GCJ1924,5,47,17,90,GC,HH,56,61.380303
GCJ1925,5,47,17,81,GG,GG,46,49.626628
GCJ1926,5,47,18,81,GG,GG,48,45.78172939
GCJ1927,5,47,17,88,GC,HH,54,58.98603593
GCJ1928,5,47,17,83,GG,GG,55,59.4213572
GCJ1929,5,47,16,81,GG,GG,38,46.87885504
GCJ1930,5,47,17,80,GG,GG,47,51.47674351
GCJ1931,5,47,16,89,GC,HH,57,70.25610891
GCJ1932,5,47,18,81,GG,GG,62,59.02675792
GCJ1933,5,47,17,87,CG,HH,61,66.60415855
GCJ1935,5,47,20,88,GC,HH,109,82.98503414
GCJ1936,5,47,16,81,GG,GG,46,57.07531683
GCJ1937,5,47,18,86,CG,HH,59,56.81925316
GCJ1938,5,47,16,81,GG,GG,46,57.57270515
GCJ1940,5,48,17,80,GG,GG,48,52.45621637
GCJ1941,5,48,17,88,GC,HH,56,61.16264241
GCJ1942,5,48,17,86,CG,HH,57,62.35977593
GCJ1943,5,48,16,76,CC,CC,38,47.12754915
GCJ1944,5,48,18,82,GG,GG,56,53.36402832
GCJ1945,5,48,15,76,CC,CC,36,52.0193677
GCJ1946,5,48,18,88,GC,HH,56,54.03587757
GCJ1947,5,48,17,81,GG,GG,50,54.63282287
GCJ1948,5,48,19,88,GC,HH,71,60.33683162
GCJ1949,5,48,16,77,CC,CC,51,63.41701862
GCJ1950,5,48,17,88,GC,HH,60,65.51585529
GCJ1951,5,48,17,77,CC,CC,53,57.57124164
GCJ1952,5,48,17,87,CG,HH,54,58.22422359
GCJ1953,5,48,17,82,GG,GG,48,52.23855582
GCJ1954,5,48,17,76,CC,CC,44,48.32066405
GCJ1955,5,48,16,83,GG,GG,31,39.04498794
GCJ1956,5,48,17,74,CC,CC,58,63.23041861
GCJ1957,5,48,17,81,GG,GG,47,50.60610089
GCJ1958,5,48,18,81,GG,GG,57,54.51576993
GCJ1959,5,48,18,90,GC,HH,62,59.12273647
GCJ1960,5,48,19,86,CG,HH,78,66.21711605
GCJ1961,5,48,17,81,GG,GG,46,50.38844023
GCJ1962,5,48,17,90,GC,HH,50,54.30633196
GCJ1963,5,48,17,80,GG,GG,47,51.47674351
GCJ1964,5,48,17,83,GG,GG,49,53.7621803
GCJ1965,5,48,18,86,CG,HH,59,56.7232748
GCJ1966,5,48,18,80,GG,GG,57,54.51576993
GCJ1967,5,48,17,82,GG,GG,52,56.48293842
GCJ1968,5,48,18,74,CC,CC,54,51.63641589
GCJ1969,5,48,16,78,CC,CC,39,48.74406138
GCJ1970,5,48,17,81,GG,GG,48,52.23855582
GCJ1971,5,48,18,82,GG,GG,55,53.17207137
GCJ1972,5,48,18,90,GC,HH,71,68.24069087
GCJ1973,5,48,18,89,GC,HH,69,66.32112156
GCJ1974,5,48,17,83,GG,GG,46,50.38844023
GCJ1975,5,48,16,86,CG,HH,56,69.51002633
GCJ1976,5,48,17,75,CC,CC,40,43.31446913
GCJ1977,5,48,18,78,CC,CC,47,45.10988012
GCJ1978,5,48,20,80,GG,GG,67,51.31368159
GCJ1979,5,48,17,80,GG,GG,48,52.02089514
GCJ1980,5,48,20,86,CG,HH,66,50.09555276
GCJ1981,5,48,17,76,CC,CC,41,44.83809368
GCJ1982,5,48,17,77,CC,CC,42,45.92639693
GCJ1983,5,48,17,78,CC,CC,38,41.24669298
GCJ1984,5,48,17,86,CG,HH,52,56.70059914
GCJ1985,5,48,17,73,CC,CC,43,46.68820918
GCJ1986,5,48,16,82,GG,GG,48,59.68660586
GCJ1987,5,48,15,76,CC,CC,43,61.90734657
GCJ1988,5,48,17,83,GG,GG,51,55.82995644
GCJ1989,5,48,18,85,CG,HH,47,45.10988012
GCJ1990,5,48,19,74,CC,CC,42,36.13392177
GCJ1991,5,48,18,73,CC,CC,51,48.66108341
GCJ1992,5,48,18,90,GC,HH,55,52.69217906
GCJ1993,5,48,17,79,GG,GG,44,47.77651242
GCJ1994,5,48,20,90,GC,HH,74,56.49072962
GCJ1995,5,48,18,90,GC,HH,62,59.31469342
GCJ1996,5,48,18,78,CC,CC,41,39.15921507
GCJ1997,5,48,15,85,CG,HH,45,64.77342743
GCJ1998,5,48,17,80,GG,GG,50,54.7416532
GCJ1999,5,48,19,73,CC,CC,49,41.6733202
GCJ2000,5,48,21,74,CC,CC,68,46.70980583
GCJ2001,5,48,16,73,CC,CC,29,36.18500475
GCJ2002,5,48,18,81,GG,GG,51,48.85304035
GCJ2003,5,48,20,90,GC,HH,66,50.55235102
GCJ2004,5,48,16,84,GG,GG,51,62.91963028
GCJ2005,5,48,19,73,CC,CC,55,47.12749706
GCJ2006,5,48,17,73,CC,CC,44,47.77651242
GCJ2007,5,48,19,76,CC,CC,58,49.08759186
GCJ2008,5,48,18,82,GG,GG,50,48.27716957
GCJ2009,5,48,18,76,CC,CC,47,45.10988012
GCJ2010,5,48,18,89,GC,HH,61,58.54686568
GCJ2011,5,48,14,77,CC,CC,48,79.88585119
GCJ2012,5,48,19,74,CC,CC,63,53.34866757
GCJ2013,5,48,18,90,GC,HH,71,67.66482018
GCJ2014,5,48,19,74,CC,CC,52,44.6560732
GCJ2015,5,48,16,73,CC,CC,41,51.23100329
GCJ2016,5,48,20,88,GC,HH,74,56.56686274
GCJ2017,5,48,17,81,GG,GG,60,65.18936445
GCJ2018,5,48,19,86,CG,HH,68,57.60974329
GCJ2019,5,48,19,81,GG,GG,56,47.72404769
GCJ2020,5,48,17,74,CC,CC,48,51.80323448
GCJ2021,5,48,18,90,GC,HH,70,66.9929708
GCJ2022,5,48,17,74,CC,CC,44,48.10300349
GCJ2023,5,48,18,82,GG,GG,52,49.42891119
GCJ2024,5,48,16,82,GG,GG,40,49.24144977
GCJ2025,5,48,19,80,GG,GG,56,47.46838313
GCJ2026,5,49,15,90,GC,HH,55,78.67391967
GCJ2027,5,49,17,86,CG,HH,39,42.44382654
GCJ2028,5,49,15,82,GG,GG,38,54.5988404
GCJ2029,5,49,15,88,GC,HH,37,52.87919194
GCJ2030,5,49,17,81,GG,GG,52,56.0476171
GCJ2031,5,49,14,84,GG,GG,31,51.20032633
GCJ2032,5,49,19,90,GC,HH,56,47.46838313
GCJ2033,5,49,17,81,GG,GG,41,44.51160271
GCJ2034,5,49,18,75,CC,CC,42,40.69487052
GCJ2035,5,49,18,88,GC,HH,57,55.09164077
GCJ2036,5,49,15,80,GG,GG,36,51.15954343
GCJ2037,5,49,17,82,GG,GG,58,63.12158826
GCJ2038,5,49,16,86,CG,HH,43,53.34490401
GCJ2039,5,49,19,88,GC,HH,64,54.11566118
GCJ2040,5,49,17,82,GG,GG,42,45.81756662
GCJ2041,5,49,16,77,CC,CC,39,48.99275559
GCJ2042,5,49,17,88,GC,HH,39,42.11733557
GCJ2043,5,49,17,89,GC,HH,50,54.8504836
GCJ2044,5,49,17,83,GG,GG,43,46.2528879
GCJ2045,5,49,20,82,GG,GG,65,49.33422214
GCJ2046,5,49,17,88,GC,HH,54,58.87720552
GCJ2047,5,49,19,90,GC,HH,59,50.02502853
GCJ2048,5,49,18,74,CC,CC,47,45.30183699
GCJ2049,5,49,18,83,GG,GG,44,42.23052602
GCJ2050,5,49,16,90,GC,HH,52,64.53614252
GCJ2051,5,49,17,90,GC,HH,69,75.20175432
GCJ2052,5,49,16,86,CG,HH,56,70.13176179
GCJ2053,5,49,19,86,CG,HH,64,54.2861042
GCJ2054,5,49,16,80,GG,GG,31,38.29890542
GCJ2055,5,49,16,87,CG,HH,36,44.26756595
GCJ2056,5,49,19,86,CG,HH,63,53.60433208
GCJ2057,5,49,16,82,GG,GG,40,49.11710271
GCJ2058,5,49,18,90,GC,HH,56,53.36402832
GCJ2059,5,49,14,77,CC,CC,30,49.86611589
GCJ2060,5,49,19,83,GG,GG,52,44.6560732
GCJ2061,5,49,18,81,GG,GG,43,40.79084904
GCJ2062,5,49,16,88,GC,HH,53,65.77961344
GCJ2063,5,49,17,81,GG,GG,56,61.05381199
GCJ2064,5,49,18,88,GC,HH,63,60.08252115
GCJ2065,5,49,17,81,GG,GG,46,50.06194929
GCJ2066,5,49,17,87,CG,HH,48,51.69440417
GCJ2067,5,49,17,82,GG,GG,47,51.36791319
GCJ2068,5,49,16,81,GG,GG,38,46.63016079
GCJ2069,5,49,17,74,CC,CC,34,36.89347998
GCJ2070,5,49,15,77,CC,CC,32,45.14077355
GCJ2071,5,49,21,88,GC,HH,38,26.12466445
GCJ2072,5,49,17,86,CG,HH,75,81.94923429
GCJ2073,5,49,20,88,GC,HH,79,60.37351561
GCJ2074,5,49,17,85,CG,HH,45,48.42949439
GCJ2075,5,49,16,90,GC,HH,44,54.46402783
GCJ2076,5,50,16,88,GC,HH,52,64.41179544
GCJ2077,5,50,16,88,GC,HH,35,43.89452473
GCJ2078,5,50,16,89,GC,HH,51,63.54136586
GCJ2079,5,50,15,88,GC,HH,37,52.30597574
GCJ2080,5,50,16,82,GG,GG,43,53.22055681
GCJ2081,5,50,16,88,GC,HH,30,37.67716994
GCJ2082,5,50,19,86,CG,HH,69,58.63240141
